execution_id,event_received_timestamp,event_verified_timestamp,transaction_submitted_timestamp,transaction_confirmed_timestamp,scenario,iot_trigger,event_type,network,execution_mode,physical_event,vendor_count,milestone_count,event_validation_ms,middleware_processing_ms,data_transmission_latency_ms,rpc_submission_ms,smart_contract_execution_ms,response_time_ms,settlement_latency_ms,transaction_confirmation_time_ms,gas_used,gas_price_gwei,cost_eth,eth_idr_assumption,cost_idr,success,failure_stage,retry_attempts,error_recovery_time_ms,duplicate_event,out_of_order_event,dispute_flag
EXEC-0001,2026-08-01 09:00:00,2026-08-01 09:00:00.051918,2026-08-01 09:00:00.146437,2026-08-01 09:00:03.406996,Hotel Check-In,RFID / QR,check-in,Ethereum Sepolia,Controlled simulation,False,1,2,51.92,65.65,28.87,55.95,305.06,382.62,3260.56,3260.56,66242,19.152,0.00126869,75304698.0,95538.0,True,,0,0.0,False,False,False
EXEC-0002,2026-08-01 09:00:45,2026-08-01 09:00:45.099008,2026-08-01 09:00:45.212562,2026-08-01 09:00:48.206435,Hotel Check-In,RFID / QR,check-in,Ethereum Sepolia,Controlled simulation,False,2,3,99.01,74.42,39.14,55.02,478.87,412.92,2993.87,2993.87,63346,25.147,0.00159296,73158367.0,116538.0,True,,0,0.0,False,False,False
EXEC-0003,2026-08-01 09:01:30,2026-08-01 09:01:30.106939,2026-08-01 09:01:30.249873,2026-08-01 09:01:33.919661,Hotel Check-In,RFID / QR,check-in,Ethereum Sepolia,Controlled simulation,False,2,3,106.94,81.23,61.71,59.33,566.52,298.37,3669.79,3669.79,63346,19.605,0.00124187,72804048.0,90413.0,True,,0,0.0,False,False,False
EXEC-0004,2026-08-01 09:02:15,2026-08-01 09:02:15.092877,2026-08-01 09:02:15.232153,2026-08-01 09:02:18.941423,Hotel Check-In,RFID / QR,check-in,Ethereum Sepolia,Controlled simulation,False,2,2,92.88,68.96,70.32,69.43,316.02,324.3,3709.27,3709.27,64295,17.941,0.00115352,75348658.0,86916.0,True,,0,0.0,False,False,False
EXEC-0005,2026-08-01 09:03:00,2026-08-01 09:03:00.056970,2026-08-01 09:03:00.161059,2026-08-01 09:03:04.071493,Hotel Check-In,RFID / QR,check-in,Ethereum Sepolia,Controlled simulation,False,2,2,56.97,39.52,64.57,34.02,533.22,355.6,3910.43,3910.43,65712,17.18,0.00112891,73853325.0,83374.0,True,,0,0.0,False,False,False
EXEC-0006,2026-08-01 09:03:45,2026-08-01 09:03:45.086721,2026-08-01 09:03:45.152791,2026-08-01 09:03:48.772780,Hotel Check-In,RFID / QR,check-in,Ethereum Sepolia,Controlled simulation,False,1,2,86.72,41.3,24.77,28.21,411.96,323.89,3619.99,3619.99,73961,21.15,0.00156424,75901269.0,118728.0,True,,0,0.0,False,False,False
EXEC-0007,2026-08-01 09:04:30,2026-08-01 09:04:30.090689,2026-08-01 09:04:30.163551,2026-08-01 09:04:34.332482,Hotel Check-In,RFID / QR,check-in,Ethereum Sepolia,Controlled simulation,False,1,1,90.69,36.4,36.46,45.37,405.92,303.53,4168.93,4168.93,20562,17.065,0.00035088,74554784.0,26160.0,True,,0,0.0,False,False,False
EXEC-0008,2026-08-01 09:05:15,2026-08-01 09:05:15.087620,2026-08-01 09:05:15.265178,2026-08-01 09:05:18.950976,Hotel Check-In,RFID / QR,check-in,Ethereum Sepolia,Controlled simulation,False,1,3,87.62,96.62,80.94,65.07,326.92,277.14,3685.8,3685.8,62799,25.724,0.00161546,74867436.0,120945.0,True,,0,0.0,False,False,False
EXEC-0009,2026-08-01 09:06:00,2026-08-01 09:06:00.080769,2026-08-01 09:06:00.187528,2026-08-01 09:06:03.627767,Hotel Check-In,RFID / QR,check-in,Ethereum Sepolia,Controlled simulation,False,2,2,80.77,55.23,51.53,60.92,654.06,394.96,3440.24,3440.24,77344,21.549,0.00166665,71696746.0,119493.0,True,,0,0.0,False,False,False
EXEC-0010,2026-08-01 09:06:45,2026-08-01 09:06:45.096639,2026-08-01 09:06:45.205391,2026-08-01 09:06:48.352964,Hotel Check-In,RFID / QR,check-in,Ethereum Sepolia,Controlled simulation,False,1,3,96.64,56.87,51.88,47.26,295.03,439.66,3147.57,3147.57,77887,17.488,0.00136211,73581915.0,100227.0,True,,0,0.0,False,False,False
EXEC-0011,2026-08-01 09:07:30,2026-08-01 09:07:30.067170,2026-08-01 09:07:30.166015,2026-08-01 09:07:34.121270,Hotel Check-In,RFID / QR,check-in,Ethereum Sepolia,Controlled simulation,False,1,4,67.17,67.95,30.9,50.84,352.17,339.3,3955.25,3955.25,67601,16.991,0.0011486,74448387.0,85511.0,True,,0,0.0,False,False,False
EXEC-0012,2026-08-01 09:08:15,2026-08-01 09:08:15.101232,2026-08-01 09:08:15.248027,2026-08-01 09:08:19.042356,Hotel Check-In,RFID / QR,check-in,Ethereum Sepolia,Controlled simulation,False,1,3,101.23,84.11,62.68,40.02,380.65,378.62,3794.33,3794.33,65235,19.967,0.00130253,74261471.0,96728.0,True,,0,0.0,False,False,False
EXEC-0013,2026-08-01 09:09:00,2026-08-01 09:09:00.042898,2026-08-01 09:09:00.185431,2026-08-01 09:09:03.175466,Hotel Check-In,RFID / QR,check-in,Ethereum Sepolia,Controlled simulation,False,2,2,42.9,91.49,51.04,65.54,555.84,317.79,2990.03,2990.03,61046,18.468,0.00112739,72886610.0,82172.0,True,,0,0.0,False,False,False
EXEC-0014,2026-08-01 09:09:45,2026-08-01 09:09:45.081688,2026-08-01 09:09:45.209786,2026-08-01 09:09:48.768541,Hotel Check-In,RFID / QR,check-in,Ethereum Sepolia,Controlled simulation,False,2,2,81.69,72.6,55.5,41.82,259.29,349.03,3558.75,3558.75,61496,16.749,0.00103002,74901368.0,77150.0,True,,0,0.0,False,False,False
EXEC-0015,2026-08-01 09:10:30,2026-08-01 09:10:30.073379,2026-08-01 09:10:30.188537,2026-08-01 09:10:33.548258,Hotel Check-In,RFID / QR,check-in,Ethereum Sepolia,Controlled simulation,False,2,2,73.38,68.92,46.23,72.98,355.78,293.4,3359.72,3359.72,68044,22.063,0.00150123,74035158.0,111144.0,True,,0,0.0,False,False,False
EXEC-0016,2026-08-01 09:11:15,2026-08-01 09:11:15.087228,2026-08-01 09:11:15.219528,2026-08-01 09:11:18.657494,Hotel Check-In,RFID / QR,check-in,Ethereum Sepolia,Controlled simulation,False,2,3,87.23,71.44,60.86,46.53,616.86,356.09,3437.97,3437.97,60381,13.784,0.00083231,71188989.0,59251.0,True,,0,0.0,False,False,False
EXEC-0017,2026-08-01 09:12:00,2026-08-01 09:12:00.068172,2026-08-01 09:12:00.153378,2026-08-01 09:12:03.302429,Hotel Check-In,RFID / QR,check-in,Ethereum Sepolia,Controlled simulation,False,2,3,68.17,34.69,50.52,42.22,646.08,284.35,3149.05,3149.05,67431,15.796,0.00106516,73907793.0,78724.0,True,,0,0.0,False,False,False
EXEC-0018,2026-08-01 09:12:45,2026-08-01 09:12:45.088287,2026-08-01 09:12:45.221358,2026-08-01 09:12:49.152113,Hotel Check-In,RFID / QR,check-in,Ethereum Sepolia,Controlled simulation,False,2,2,88.29,84.56,48.51,61.42,614.18,331.88,3930.76,3930.76,60688,19.966,0.00121172,73521305.0,89087.0,True,,0,0.0,False,False,False
EXEC-0019,2026-08-01 09:13:30,2026-08-01 09:13:30.084538,2026-08-01 09:13:30.185000,2026-08-01 09:13:33.679460,Hotel Check-In,RFID / QR,check-in,Ethereum Sepolia,Controlled simulation,False,1,1,84.54,51.7,48.76,56.99,508.7,419.59,3494.46,3494.46,24099,18.986,0.00045754,72307526.0,33083.0,True,,0,0.0,False,False,False
EXEC-0020,2026-08-01 09:14:15,2026-08-01 09:14:15.115903,2026-08-01 09:14:15.218706,2026-08-01 09:14:18.944024,Hotel Check-In,RFID / QR,check-in,Ethereum Sepolia,Controlled simulation,False,1,3,115.9,60.11,42.7,72.68,525.87,316.04,3725.32,3725.32,72590,20.688,0.00150178,73733265.0,110731.0,True,,0,0.0,False,False,False
EXEC-0021,2026-08-01 09:15:00,2026-08-01 09:15:00.114042,2026-08-01 09:15:00.205366,2026-08-01 09:15:02.982237,Hotel Check-In,RFID / QR,check-in,Ethereum Sepolia,Controlled simulation,False,2,2,114.04,51.8,39.52,64.51,338.77,433.19,2776.87,2776.87,67102,15.563,0.00104432,75209549.0,78543.0,True,,0,0.0,False,False,False
EXEC-0022,2026-08-01 09:15:45,2026-08-01 09:15:45.078459,2026-08-01 09:15:45.233504,2026-08-01 09:15:48.389605,Hotel Check-In,RFID / QR,check-in,Ethereum Sepolia,Controlled simulation,False,1,2,78.46,78.25,76.79,46.37,601.6,339.91,3156.1,3156.1,71433,18.673,0.00133386,73017401.0,97395.0,True,,0,0.0,False,False,False
EXEC-0023,2026-08-01 09:16:30,2026-08-01 09:16:30.097634,2026-08-01 09:16:30.234505,2026-08-01 09:16:33.972087,Hotel Check-In,RFID / QR,check-in,Ethereum Sepolia,Controlled simulation,False,2,2,97.63,65.23,71.65,46.99,499.47,333.96,3737.58,3737.58,63329,15.231,0.00096454,75972537.0,73279.0,True,,0,0.0,False,False,False
EXEC-0024,2026-08-01 09:17:15,2026-08-01 09:17:15.108926,2026-08-01 09:17:15.265499,2026-08-01 09:17:17.693935,Hotel Check-In,RFID / QR,check-in,Ethereum Sepolia,Controlled simulation,False,2,3,108.93,84.94,71.63,42.84,387.95,265.7,2428.44,2428.44,72636,15.367,0.00111622,72124472.0,80507.0,True,,0,0.0,False,False,False
EXEC-0025,2026-08-01 09:18:00,2026-08-01 09:18:00.078774,2026-08-01 09:18:00.192294,2026-08-01 09:18:03.369628,Hotel Check-In,RFID / QR,check-in,Ethereum Sepolia,Controlled simulation,False,1,1,78.77,77.48,36.04,69.58,500.91,385.94,3177.33,3177.33,23339,19.137,0.00044664,74768653.0,33395.0,True,,0,0.0,False,False,False
EXEC-0026,2026-08-01 09:18:45,2026-08-01 09:18:45.111639,2026-08-01 09:18:45.209376,2026-08-01 09:18:48.586344,Hotel Check-In,RFID / QR,check-in,Ethereum Sepolia,Controlled simulation,False,1,1,111.64,61.63,36.11,59.55,503.87,314.23,3376.97,3376.97,22983,14.611,0.0003358,75203154.0,25254.0,True,,0,0.0,False,False,False
EXEC-0027,2026-08-01 09:19:30,2026-08-01 09:19:30.079173,2026-08-01 09:19:30.179550,2026-08-01 09:19:33.566633,Hotel Check-In,RFID / QR,check-in,Ethereum Sepolia,Controlled simulation,False,1,1,79.17,56.78,43.6,50.21,456.61,300.21,3387.08,3387.08,19437,20.012,0.00038897,72983104.0,28388.0,True,,0,0.0,False,False,False
EXEC-0028,2026-08-01 09:20:15,2026-08-01 09:20:15.100288,2026-08-01 09:20:15.205542,2026-08-01 09:20:18.876888,Hotel Check-In,RFID / QR,check-in,Ethereum Sepolia,Controlled simulation,False,2,3,100.29,76.11,29.14,57.95,150.0,316.25,3671.35,3671.35,67042,22.37,0.00149975,73407203.0,110092.0,True,,0,0.0,False,False,False
EXEC-0029,2026-08-01 09:21:00,2026-08-01 09:21:00.068511,2026-08-01 09:21:00.169460,2026-08-01 09:21:03.329508,Hotel Check-In,RFID / QR,check-in,Ethereum Sepolia,Controlled simulation,False,2,2,68.51,62.37,38.58,49.33,223.81,403.73,3160.05,3160.05,67446,18.346,0.00123738,72902344.0,90208.0,True,,0,0.0,False,False,False
EXEC-0030,2026-08-01 09:21:45,2026-08-01 09:21:45.065354,2026-08-01 09:21:45.178943,2026-08-01 09:21:48.642413,Hotel Check-In,RFID / QR,check-in,Ethereum Sepolia,Controlled simulation,False,1,2,65.35,72.89,40.7,42.39,287.16,288.14,3463.47,3463.47,60576,20.693,0.00125349,74517942.0,93407.0,True,,0,0.0,False,False,False
EXEC-0031,2026-08-01 09:22:30,2026-08-01 09:22:30.075884,2026-08-01 09:22:30.202579,2026-08-01 09:22:33.502422,Hotel Check-In,RFID / QR,check-in,Ethereum Sepolia,Controlled simulation,False,1,1,75.88,55.1,71.6,49.37,331.41,323.88,3299.84,3299.84,19523,17.673,0.00034504,74174357.0,25593.0,True,,0,0.0,False,False,False
EXEC-0032,2026-08-01 09:23:15,2026-08-01 09:23:15.076906,2026-08-01 09:23:15.217529,2026-08-01 09:23:18.813314,Hotel Check-In,RFID / QR,check-in,Ethereum Sepolia,Controlled simulation,False,1,2,76.91,83.2,57.43,25.4,404.23,274.87,3595.78,3595.78,66909,22.421,0.00150016,74996331.0,112507.0,True,,0,0.0,False,False,False
EXEC-0033,2026-08-01 09:24:00,2026-08-01 09:24:00.070933,2026-08-01 09:24:00.183517,2026-08-01 09:24:02.896067,Hotel Check-In,RFID / QR,check-in,Ethereum Sepolia,Controlled simulation,False,2,3,70.93,59.74,52.85,50.28,474.77,293.44,2712.55,2712.55,63250,14.969,0.00094679,74202465.0,70254.0,True,,0,0.0,False,False,False
EXEC-0034,2026-08-01 09:24:45,2026-08-01 09:24:45.088919,2026-08-01 09:24:45.220750,2026-08-01 09:24:48.098075,Hotel Check-In,RFID / QR,check-in,Ethereum Sepolia,Controlled simulation,False,1,1,88.92,77.48,54.35,76.26,473.07,371.5,2877.33,2877.33,19058,21.972,0.00041874,73655779.0,30842.0,True,,0,0.0,False,False,False
EXEC-0035,2026-08-01 09:25:30,2026-08-01 09:25:30.092287,2026-08-01 09:25:30.216926,2026-08-01 09:25:33.058590,Hotel Check-In,RFID / QR,check-in,Ethereum Sepolia,Controlled simulation,False,2,2,92.29,63.12,61.51,63.52,386.26,295.72,2841.66,2841.66,65751,16.726,0.00109974,73537722.0,80873.0,True,,0,0.0,False,False,False
EXEC-0036,2026-08-01 09:26:15,2026-08-01 09:26:15.091673,2026-08-01 09:26:15.237552,2026-08-01 09:26:18.223053,Hotel Check-In,RFID / QR,check-in,Ethereum Sepolia,Controlled simulation,False,1,2,91.67,85.06,60.82,44.75,370.37,282.58,2985.5,2985.5,61848,16.373,0.00101264,75451728.0,76406.0,True,,0,0.0,False,False,False
EXEC-0037,2026-08-01 09:27:00,2026-08-01 09:27:00.070349,2026-08-01 09:27:00.206523,2026-08-01 09:27:04.001489,Hotel Check-In,RFID / QR,check-in,Ethereum Sepolia,Controlled simulation,False,2,2,70.35,80.37,55.8,55.14,227.07,287.07,3794.97,3794.97,64533,22.031,0.00142172,75062683.0,106718.0,True,,0,0.0,False,False,False
EXEC-0038,2026-08-01 09:27:45,2026-08-01 09:27:45.085435,2026-08-01 09:27:45.241240,2026-08-01 09:27:48.593303,Hotel Check-In,RFID / QR,check-in,Ethereum Sepolia,Controlled simulation,False,2,3,85.43,96.79,59.02,62.35,427.71,278.8,3352.06,3352.06,67086,16.921,0.00113514,73241741.0,83140.0,True,,0,0.0,False,False,False
EXEC-0039,2026-08-01 09:28:30,2026-08-01 09:28:30.068030,2026-08-01 09:28:30.207732,2026-08-01 09:28:34.237932,Hotel Check-In,RFID / QR,check-in,Ethereum Sepolia,Controlled simulation,False,3,2,68.03,87.58,52.12,52.11,534.75,373.34,4030.2,4030.2,68974,15.899,0.0010966,75394740.0,82678.0,True,,0,0.0,False,False,False
EXEC-0040,2026-08-01 09:29:15,2026-08-01 09:29:15.064487,2026-08-01 09:29:15.165767,2026-08-01 09:29:17.510906,Hotel Check-In,RFID / QR,check-in,Ethereum Sepolia,Controlled simulation,False,1,2,64.49,59.71,41.57,44.47,409.71,373.15,2345.14,2345.14,61536,22.399,0.00137832,74119715.0,102161.0,True,,0,0.0,False,False,False
EXEC-0041,2026-08-01 09:30:00,2026-08-01 09:30:00.101800,2026-08-01 09:30:00.232508,2026-08-01 09:30:04.079398,Hotel Check-In,RFID / QR,check-in,Ethereum Sepolia,Controlled simulation,False,2,2,101.8,84.3,46.41,60.71,332.18,377.48,3846.89,3846.89,64764,16.381,0.00106091,72537697.0,76956.0,True,,0,0.0,False,False,False
EXEC-0042,2026-08-01 09:30:45,2026-08-01 09:30:45.061654,2026-08-01 09:30:45.212811,2026-08-01 09:30:48.541154,Hotel Check-In,RFID / QR,check-in,Ethereum Sepolia,Controlled simulation,False,1,1,61.65,78.46,72.7,67.22,389.45,303.61,3328.34,3328.34,24767,13.622,0.00033738,73431442.0,24774.0,True,,0,0.0,False,False,False
EXEC-0043,2026-08-01 09:31:30,2026-08-01 09:31:30.067733,2026-08-01 09:31:30.181421,2026-08-01 09:31:33.297929,Hotel Check-In,RFID / QR,check-in,Ethereum Sepolia,Controlled simulation,False,1,2,67.73,66.07,47.62,46.11,418.06,344.35,3116.51,3116.51,74088,16.922,0.00125372,75586038.0,94764.0,True,,0,0.0,False,False,False
EXEC-0044,2026-08-01 09:32:15,2026-08-01 09:32:15.048249,2026-08-01 09:32:15.133866,2026-08-01 09:32:18.203929,Hotel Check-In,RFID / QR,check-in,Ethereum Sepolia,Controlled simulation,False,2,3,48.25,65.62,20.0,28.77,525.8,311.51,3070.06,3070.06,64260,21.564,0.00138569,72528803.0,100502.0,True,,0,0.0,False,False,False
EXEC-0045,2026-08-01 09:33:00,2026-08-01 09:33:00.098921,2026-08-01 09:33:00.225087,2026-08-01 09:33:03.380957,Hotel Check-In,RFID / QR,check-in,Ethereum Sepolia,Controlled simulation,False,2,2,98.92,78.89,47.28,39.48,271.12,447.53,3155.87,3155.87,62783,19.731,0.00123877,73982133.0,91646.0,True,,0,0.0,False,False,False
EXEC-0046,2026-08-01 09:33:45,2026-08-01 09:33:45.078330,2026-08-01 09:33:45.162218,2026-08-01 09:33:47.899847,Hotel Check-In,RFID / QR,check-in,Ethereum Sepolia,Controlled simulation,False,1,1,78.33,44.95,38.94,79.67,342.52,334.59,2737.63,2737.63,23726,18.652,0.00044254,75720457.0,33510.0,True,,0,0.0,False,False,False
EXEC-0047,2026-08-01 09:34:30,2026-08-01 09:34:30.094432,2026-08-01 09:34:30.204822,2026-08-01 09:34:33.676088,Hotel Check-In,RFID / QR,check-in,Ethereum Sepolia,Controlled simulation,False,1,1,94.43,45.06,65.33,60.28,364.69,311.94,3471.27,3471.27,21340,20.907,0.00044616,73267558.0,32689.0,True,,0,0.0,False,False,False
EXEC-0048,2026-08-01 09:35:15,2026-08-01 09:35:15.074670,2026-08-01 09:35:15.194715,2026-08-01 09:35:19.382938,Hotel Check-In,RFID / QR,check-in,Ethereum Sepolia,Controlled simulation,False,1,1,74.67,73.57,46.48,62.98,396.43,374.91,4188.22,4188.22,19860,20.784,0.00041276,75359040.0,31105.0,True,,0,0.0,False,False,False
EXEC-0049,2026-08-01 09:36:00,2026-08-01 09:36:00.059944,2026-08-01 09:36:00.192254,2026-08-01 09:36:04.565939,Hotel Check-In,RFID / QR,check-in,Ethereum Sepolia,Controlled simulation,False,1,1,59.94,79.15,53.16,53.33,478.22,364.28,4373.68,4373.68,19068,14.683,0.00027997,73579012.0,20600.0,True,,0,0.0,False,False,False
EXEC-0050,2026-08-01 09:36:45,2026-08-01 09:36:45.049511,2026-08-01 09:36:45.193508,2026-08-01 09:36:49.732656,Hotel Check-In,RFID / QR,check-in,Ethereum Sepolia,Controlled simulation,False,1,2,49.51,95.08,48.91,54.41,400.43,326.42,4539.15,4539.15,66921,14.124,0.0009452,71771617.0,67839.0,False,Event Validation,2,798.46,False,False,False
EXEC-0051,2026-08-01 09:37:30,2026-08-01 09:37:30.066159,2026-08-01 09:37:30.168186,2026-08-01 09:37:33.314968,Hotel Checkout,Biometric,checkout,Ethereum Sepolia,Controlled simulation,False,2,3,66.16,55.48,46.55,47.52,359.14,409.96,3146.78,3146.78,60740,19.5,0.00118445,71985792.0,85264.0,True,,0,0.0,False,False,False
EXEC-0052,2026-08-01 09:38:15,2026-08-01 09:38:15.051216,2026-08-01 09:38:15.163459,2026-08-01 09:38:18.575241,Hotel Checkout,Biometric,checkout,Ethereum Sepolia,Controlled simulation,False,2,2,51.22,50.63,61.61,39.61,467.12,357.81,3411.78,3411.78,65496,15.526,0.00101692,74458779.0,75719.0,True,,0,0.0,False,False,False
EXEC-0053,2026-08-01 09:39:00,2026-08-01 09:39:00.079777,2026-08-01 09:39:00.209695,2026-08-01 09:39:03.193742,Hotel Checkout,Biometric,checkout,Ethereum Sepolia,Controlled simulation,False,2,3,79.78,72.44,57.48,65.2,466.4,273.44,2984.05,2984.05,72331,20.628,0.00149207,73858712.0,110202.0,True,,0,0.0,False,False,False
EXEC-0054,2026-08-01 09:39:45,2026-08-01 09:39:45.107639,2026-08-01 09:39:45.210160,2026-08-01 09:39:49.107757,Hotel Checkout,Biometric,checkout,Ethereum Sepolia,Controlled simulation,False,1,1,107.64,58.5,44.02,63.21,425.55,336.51,3897.6,3897.6,20545,18.1,0.00037186,74822251.0,27823.0,True,,0,0.0,False,False,False
EXEC-0055,2026-08-01 09:40:30,2026-08-01 09:40:30.098295,2026-08-01 09:40:30.200968,2026-08-01 09:40:34.163806,Hotel Checkout,Biometric,checkout,Ethereum Sepolia,Controlled simulation,False,1,2,98.3,59.94,42.73,55.03,319.33,324.59,3962.84,3962.84,69949,17.358,0.00121415,71023567.0,86233.0,True,,0,0.0,False,False,False
EXEC-0056,2026-08-01 09:41:15,2026-08-01 09:41:15.073161,2026-08-01 09:41:15.153011,2026-08-01 09:41:19.228897,Hotel Checkout,Biometric,checkout,Ethereum Sepolia,Controlled simulation,False,2,2,73.16,47.82,32.03,53.53,604.61,368.12,4075.89,4075.89,66435,19.273,0.00128038,71346520.0,91351.0,True,,0,0.0,False,False,False
EXEC-0057,2026-08-01 09:42:00,2026-08-01 09:42:00.085596,2026-08-01 09:42:00.171713,2026-08-01 09:42:03.624252,Hotel Checkout,Biometric,checkout,Ethereum Sepolia,Controlled simulation,False,2,2,85.6,30.99,55.13,39.85,596.94,389.51,3452.54,3452.54,62600,23.063,0.00144377,73245722.0,105750.0,True,,0,0.0,False,False,False
EXEC-0058,2026-08-01 09:42:45,2026-08-01 09:42:45.086756,2026-08-01 09:42:45.215036,2026-08-01 09:42:48.285321,Hotel Checkout,Biometric,checkout,Ethereum Sepolia,Controlled simulation,False,2,3,86.76,50.72,77.56,39.88,530.51,320.96,3070.29,3070.29,72918,17.255,0.00125823,70698510.0,88955.0,True,,0,0.0,False,False,False
EXEC-0059,2026-08-01 09:43:30,2026-08-01 09:43:30.123354,2026-08-01 09:43:30.226168,2026-08-01 09:43:33.700514,Hotel Checkout,Biometric,checkout,Ethereum Sepolia,Controlled simulation,False,1,2,123.35,48.57,54.25,67.19,295.85,339.2,3474.35,3474.35,59456,20.39,0.00121228,72295902.0,87643.0,True,,0,0.0,False,False,False
EXEC-0060,2026-08-01 09:44:15,2026-08-01 09:44:15.094011,2026-08-01 09:44:15.210534,2026-08-01 09:44:18.982761,Hotel Checkout,Biometric,checkout,Ethereum Sepolia,Controlled simulation,False,2,2,94.01,73.93,42.59,59.11,592.67,373.81,3772.23,3772.23,59407,14.177,0.00084223,72737190.0,61261.0,True,,0,0.0,False,False,False
EXEC-0061,2026-08-01 09:45:00,2026-08-01 09:45:00.118531,2026-08-01 09:45:00.238187,2026-08-01 09:45:03.391785,Hotel Checkout,Biometric,checkout,Ethereum Sepolia,Controlled simulation,False,1,2,118.53,64.05,55.6,65.06,432.41,388.4,3153.6,3153.6,77618,15.359,0.0011921,72472054.0,86394.0,True,,0,0.0,False,False,False
EXEC-0062,2026-08-01 09:45:45,2026-08-01 09:45:45.098906,2026-08-01 09:45:45.198119,2026-08-01 09:45:48.404961,Hotel Checkout,Biometric,checkout,Ethereum Sepolia,Controlled simulation,False,2,2,98.91,37.9,61.32,78.38,605.64,353.71,3206.84,3206.84,60134,18.981,0.00114139,72990125.0,83310.0,True,,0,0.0,False,False,False
EXEC-0063,2026-08-01 09:46:30,2026-08-01 09:46:30.107321,2026-08-01 09:46:30.236093,2026-08-01 09:46:33.655193,Hotel Checkout,Biometric,checkout,Ethereum Sepolia,Controlled simulation,False,1,2,107.32,78.15,50.62,51.52,428.22,282.38,3419.1,3419.1,66835,22.602,0.00151057,72997860.0,110268.0,True,,0,0.0,False,False,False
EXEC-0064,2026-08-01 09:47:15,2026-08-01 09:47:15.043887,2026-08-01 09:47:15.163583,2026-08-01 09:47:19.040979,Hotel Checkout,Biometric,checkout,Ethereum Sepolia,Controlled simulation,False,2,2,43.89,66.69,53.01,61.99,606.65,284.56,3877.4,3877.4,56563,18.052,0.00102105,75131274.0,76713.0,True,,0,0.0,False,False,False
EXEC-0065,2026-08-01 09:48:00,2026-08-01 09:48:00.089662,2026-08-01 09:48:00.214910,2026-08-01 09:48:04.034378,Hotel Checkout,Biometric,checkout,Ethereum Sepolia,Controlled simulation,False,1,2,89.66,72.89,52.36,38.57,660.24,355.22,3819.47,3819.47,70847,21.44,0.00151894,72237855.0,109725.0,True,,0,0.0,False,False,False
EXEC-0066,2026-08-01 09:48:45,2026-08-01 09:48:45.083777,2026-08-01 09:48:45.212036,2026-08-01 09:48:48.666408,Hotel Checkout,Biometric,checkout,Ethereum Sepolia,Controlled simulation,False,2,3,83.78,64.36,63.9,47.94,378.13,380.55,3454.37,3454.37,58963,18.112,0.00106795,74136946.0,79175.0,True,,0,0.0,False,False,False
EXEC-0067,2026-08-01 09:49:30,2026-08-01 09:49:30.050967,2026-08-01 09:49:30.141965,2026-08-01 09:49:33.574299,Hotel Checkout,Biometric,checkout,Ethereum Sepolia,Controlled simulation,False,1,3,50.97,52.48,38.52,59.13,400.93,375.67,3432.33,3432.33,76331,15.662,0.0011955,71742768.0,85768.0,True,,0,0.0,False,False,False
EXEC-0068,2026-08-01 09:50:15,2026-08-01 09:50:15.048792,2026-08-01 09:50:15.154125,2026-08-01 09:50:18.449626,Hotel Checkout,Biometric,checkout,Ethereum Sepolia,Controlled simulation,False,2,2,48.79,62.19,43.14,51.62,471.9,392.32,3295.5,3295.5,66676,17.678,0.00117871,74210646.0,87473.0,True,,0,0.0,False,False,False
EXEC-0069,2026-08-01 09:51:00,2026-08-01 09:51:00.060881,2026-08-01 09:51:00.192809,2026-08-01 09:51:03.579179,Hotel Checkout,Biometric,checkout,Ethereum Sepolia,Controlled simulation,False,1,2,60.88,68.64,63.29,42.89,509.82,240.79,3386.37,3386.37,59444,19.633,0.00116709,73770933.0,86097.0,True,,0,0.0,False,False,False
EXEC-0070,2026-08-01 09:51:45,2026-08-01 09:51:45.061571,2026-08-01 09:51:45.145844,2026-08-01 09:51:49.446494,Hotel Checkout,Biometric,checkout,Ethereum Sepolia,Controlled simulation,False,2,2,61.57,30.93,53.34,37.61,619.66,270.0,4300.65,4300.65,75947,14.795,0.00112361,73273242.0,82330.0,True,,0,0.0,False,False,False
EXEC-0071,2026-08-01 09:52:30,2026-08-01 09:52:30.025763,2026-08-01 09:52:30.154195,2026-08-01 09:52:33.465826,Hotel Checkout,Biometric,checkout,Ethereum Sepolia,Controlled simulation,False,1,2,25.76,56.84,71.59,65.98,351.79,343.63,3311.63,3311.63,74159,17.694,0.00131214,73536594.0,96491.0,True,,0,0.0,False,False,False
EXEC-0072,2026-08-01 09:53:15,2026-08-01 09:53:15.038329,2026-08-01 09:53:15.153975,2026-08-01 09:53:18.665680,Hotel Checkout,Biometric,checkout,Ethereum Sepolia,Controlled simulation,False,2,2,38.33,58.38,57.26,74.62,626.04,381.9,3511.71,3511.71,63970,15.652,0.00100128,74144091.0,74239.0,True,,0,0.0,False,False,False
EXEC-0073,2026-08-01 09:54:00,2026-08-01 09:54:00.075792,2026-08-01 09:54:00.164590,2026-08-01 09:54:04.244986,Hotel Checkout,Biometric,checkout,Ethereum Sepolia,Controlled simulation,False,1,1,75.79,51.65,37.15,59.79,435.7,302.58,4080.4,4080.4,20874,15.544,0.00032447,73225344.0,23759.0,True,,0,0.0,False,False,False
EXEC-0074,2026-08-01 09:54:45,2026-08-01 09:54:45.075286,2026-08-01 09:54:45.196440,2026-08-01 09:54:48.507066,Hotel Checkout,Biometric,checkout,Ethereum Sepolia,Controlled simulation,False,2,2,75.29,74.37,46.79,64.81,460.18,341.7,3310.63,3310.63,68844,15.015,0.00103372,72773043.0,75227.0,True,,0,0.0,False,False,False
EXEC-0075,2026-08-01 09:55:30,2026-08-01 09:55:30.109415,2026-08-01 09:55:30.203069,2026-08-01 09:55:33.789443,Hotel Checkout,Biometric,checkout,Ethereum Sepolia,Controlled simulation,False,2,2,109.42,48.37,45.28,67.27,401.94,374.02,3586.37,3586.37,73249,18.622,0.00136401,71297500.0,97251.0,True,,0,0.0,False,False,False
EXEC-0076,2026-08-01 09:56:15,2026-08-01 09:56:15.058703,2026-08-01 09:56:15.186058,2026-08-01 09:56:19.508234,Hotel Checkout,Biometric,checkout,Ethereum Sepolia,Controlled simulation,False,2,2,58.7,75.8,51.56,42.37,448.28,420.89,4322.18,4322.18,64487,17.014,0.00109721,72124579.0,79136.0,True,,0,0.0,False,False,False
EXEC-0077,2026-08-01 09:57:00,2026-08-01 09:57:00.102940,2026-08-01 09:57:00.219237,2026-08-01 09:57:04.309970,Hotel Checkout,Biometric,checkout,Ethereum Sepolia,Controlled simulation,False,1,3,102.94,53.33,62.97,46.3,533.95,292.8,4090.73,4090.73,59929,15.703,0.00094109,74399007.0,70016.0,True,,0,0.0,False,False,False
EXEC-0078,2026-08-01 09:57:45,2026-08-01 09:57:45.051868,2026-08-01 09:57:45.195923,2026-08-01 09:57:48.470751,Hotel Checkout,Biometric,checkout,Ethereum Sepolia,Controlled simulation,False,2,2,51.87,75.59,68.46,30.04,516.23,279.3,3274.83,3274.83,76525,20.342,0.00155664,72820077.0,113355.0,True,,0,0.0,False,False,False
EXEC-0079,2026-08-01 09:58:30,2026-08-01 09:58:30.068436,2026-08-01 09:58:30.181626,2026-08-01 09:58:33.267737,Hotel Checkout,Biometric,checkout,Ethereum Sepolia,Controlled simulation,False,2,3,68.44,49.28,63.91,53.86,347.93,340.11,3086.11,3086.11,57818,15.752,0.00091074,73915997.0,67318.0,True,,0,0.0,False,False,False
EXEC-0080,2026-08-01 09:59:15,2026-08-01 09:59:15.097780,2026-08-01 09:59:15.213967,2026-08-01 09:59:18.077142,Hotel Checkout,Biometric,checkout,Ethereum Sepolia,Controlled simulation,False,1,3,97.78,65.61,50.58,67.99,362.34,315.23,2863.17,2863.17,66906,19.247,0.00128774,73321187.0,94419.0,True,,0,0.0,False,False,False
EXEC-0081,2026-08-01 10:00:00,2026-08-01 10:00:00.061690,2026-08-01 10:00:00.198373,2026-08-01 10:00:03.598369,Hotel Checkout,Biometric,checkout,Ethereum Sepolia,Controlled simulation,False,1,2,61.69,80.77,55.91,61.03,651.53,246.06,3400.0,3400.0,72899,19.765,0.00144084,71980260.0,103712.0,True,,0,0.0,False,False,False
EXEC-0082,2026-08-01 10:00:45,2026-08-01 10:00:45.077607,2026-08-01 10:00:45.183863,2026-08-01 10:00:49.239000,Hotel Checkout,Biometric,checkout,Ethereum Sepolia,Controlled simulation,False,1,1,77.61,49.01,57.24,43.26,539.97,337.88,4055.14,4055.14,19381,17.828,0.00034552,72531770.0,25061.0,True,,0,0.0,False,False,False
EXEC-0083,2026-08-01 10:01:30,2026-08-01 10:01:30.076341,2026-08-01 10:01:30.184904,2026-08-01 10:01:33.055022,Hotel Checkout,Biometric,checkout,Ethereum Sepolia,Controlled simulation,False,2,2,76.34,61.62,46.95,79.88,284.05,396.87,2870.12,2870.12,74495,22.57,0.00168137,73072077.0,122861.0,True,,0,0.0,False,False,False
EXEC-0084,2026-08-01 10:02:15,2026-08-01 10:02:15.090003,2026-08-01 10:02:15.192182,2026-08-01 10:02:19.514283,Hotel Checkout,Biometric,checkout,Ethereum Sepolia,Controlled simulation,False,1,1,90.0,55.26,46.91,48.4,365.77,261.01,4322.1,4322.1,23282,14.174,0.00033,74100352.0,24453.0,True,,0,0.0,False,False,False
EXEC-0085,2026-08-01 10:03:00,2026-08-01 10:03:00.072464,2026-08-01 10:03:00.203028,2026-08-01 10:03:04.161961,Hotel Checkout,Biometric,checkout,Ethereum Sepolia,Controlled simulation,False,2,2,72.46,77.05,53.52,58.77,562.81,287.04,3958.93,3958.93,70428,19.305,0.00135964,75155208.0,102184.0,True,,0,0.0,False,False,False
EXEC-0086,2026-08-01 10:03:45,2026-08-01 10:03:45.071960,2026-08-01 10:03:45.186751,2026-08-01 10:03:48.982792,Hotel Checkout,Biometric,checkout,Ethereum Sepolia,Controlled simulation,False,1,2,71.96,60.73,54.06,62.6,331.51,251.75,3796.04,3796.04,57018,14.801,0.00084392,73845483.0,62320.0,True,,0,0.0,False,False,False
EXEC-0087,2026-08-01 10:04:30,2026-08-01 10:04:30.062206,2026-08-01 10:04:30.190841,2026-08-01 10:04:33.344895,Hotel Checkout,Biometric,checkout,Ethereum Sepolia,Controlled simulation,False,2,2,62.21,86.37,42.26,74.33,393.58,333.44,3154.05,3154.05,65597,20.358,0.00133543,72520614.0,96846.0,True,,0,0.0,False,False,False
EXEC-0088,2026-08-01 10:05:15,2026-08-01 10:05:15.095382,2026-08-01 10:05:15.215493,2026-08-01 10:05:19.081289,Hotel Checkout,Biometric,checkout,Ethereum Sepolia,Controlled simulation,False,1,2,95.38,70.42,49.69,58.12,319.03,282.71,3865.8,3865.8,63891,17.851,0.00114054,74761151.0,85268.0,True,,0,0.0,False,False,False
EXEC-0089,2026-08-01 10:06:00,2026-08-01 10:06:00.094432,2026-08-01 10:06:00.197234,2026-08-01 10:06:03.529065,Hotel Checkout,Biometric,checkout,Ethereum Sepolia,Controlled simulation,False,1,2,94.43,53.31,49.49,47.38,273.9,352.26,3331.83,3331.83,74491,23.647,0.00176152,73518811.0,129505.0,True,,0,0.0,False,False,False
EXEC-0090,2026-08-01 10:06:45,2026-08-01 10:06:45.046478,2026-08-01 10:06:45.167721,2026-08-01 10:06:48.430761,Hotel Checkout,Biometric,checkout,Ethereum Sepolia,Controlled simulation,False,2,3,46.48,72.46,48.78,59.19,580.4,336.6,3263.04,3263.04,72114,14.77,0.0010651,72916174.0,77663.0,True,,0,0.0,False,False,False
EXEC-0091,2026-08-01 10:07:30,2026-08-01 10:07:30.084686,2026-08-01 10:07:30.236493,2026-08-01 10:07:33.686152,Hotel Checkout,Biometric,checkout,Ethereum Sepolia,Controlled simulation,False,1,1,84.69,74.82,76.99,44.68,452.3,327.42,3449.66,3449.66,19652,16.592,0.00032607,73512312.0,23970.0,True,,0,0.0,False,False,False
EXEC-0092,2026-08-01 10:08:15,2026-08-01 10:08:15.079006,2026-08-01 10:08:15.196961,2026-08-01 10:08:18.514644,Hotel Checkout,Biometric,checkout,Ethereum Sepolia,Controlled simulation,False,1,1,79.01,72.75,45.21,54.39,503.49,367.23,3317.68,3317.68,23210,13.643,0.00031665,73350549.0,23227.0,True,,0,0.0,False,False,False
EXEC-0093,2026-08-01 10:09:00,2026-08-01 10:09:00.043148,2026-08-01 10:09:00.129951,2026-08-01 10:09:03.196753,Hotel Checkout,Biometric,checkout,Ethereum Sepolia,Controlled simulation,False,2,3,43.15,55.76,31.04,48.61,517.62,294.22,3066.8,3066.8,62098,16.333,0.00101425,72676394.0,73712.0,True,,0,0.0,False,False,False
EXEC-0094,2026-08-01 10:09:45,2026-08-01 10:09:45.090929,2026-08-01 10:09:45.222765,2026-08-01 10:09:49.498227,Hotel Checkout,Biometric,checkout,Ethereum Sepolia,Controlled simulation,False,2,2,90.93,65.06,66.78,73.61,409.27,461.97,4275.46,4275.46,57741,21.244,0.00122665,71914438.0,88214.0,True,,0,0.0,False,False,False
EXEC-0095,2026-08-01 10:10:30,2026-08-01 10:10:30.088233,2026-08-01 10:10:30.201238,2026-08-01 10:10:33.470612,Hotel Checkout,Biometric,checkout,Ethereum Sepolia,Controlled simulation,False,2,3,88.23,65.48,47.53,47.6,571.26,329.61,3269.37,3269.37,62593,16.085,0.00100681,75094365.0,75606.0,True,,0,0.0,False,False,False
EXEC-0096,2026-08-01 10:11:15,2026-08-01 10:11:15.073693,2026-08-01 10:11:15.160533,2026-08-01 10:11:19.206917,Hotel Checkout,Biometric,checkout,Ethereum Sepolia,Controlled simulation,False,2,2,73.69,57.92,28.92,50.44,417.49,310.3,4046.38,4046.38,57826,21.898,0.00126629,74555819.0,94409.0,True,,0,0.0,False,False,False
EXEC-0097,2026-08-01 10:12:00,2026-08-01 10:12:00.056839,2026-08-01 10:12:00.183266,2026-08-01 10:12:03.905922,Hotel Checkout,Biometric,checkout,Ethereum Sepolia,Controlled simulation,False,2,3,56.84,66.7,59.73,45.52,224.63,407.61,3722.66,3722.66,61360,22.934,0.00140724,73723670.0,103747.0,True,,0,0.0,False,False,False
EXEC-0098,2026-08-01 10:12:45,2026-08-01 10:12:45.083598,2026-08-01 10:12:45.226744,2026-08-01 10:12:49.926166,Hotel Checkout,Biometric,checkout,Ethereum Sepolia,Controlled simulation,False,2,2,83.6,76.26,66.89,46.56,348.72,374.03,4699.42,4699.42,79061,19.447,0.00153747,72972347.0,112193.0,True,,0,0.0,False,False,False
EXEC-0099,2026-08-01 10:13:30,2026-08-01 10:13:30.093071,2026-08-01 10:13:30.230462,2026-08-01 10:13:34.089794,Hotel Checkout,Biometric,checkout,Ethereum Sepolia,Controlled simulation,False,2,2,93.07,68.95,68.44,54.02,497.13,330.15,3859.33,3859.33,62829,17.854,0.00112173,73703053.0,82675.0,True,,0,0.0,False,False,False
EXEC-0100,2026-08-01 10:14:15,2026-08-01 10:14:15.097096,2026-08-01 10:14:15.211285,2026-08-01 10:14:18.455749,Hotel Checkout,Biometric,checkout,Ethereum Sepolia,Controlled simulation,False,1,2,97.1,51.33,62.85,37.6,567.7,347.86,3244.46,3244.46,65034,14.576,0.00094791,73562917.0,69731.0,False,Smart Contract Execution,2,555.49,False,False,False
EXEC-0101,2026-08-01 10:15:00,2026-08-01 10:15:00.090188,2026-08-01 10:15:00.161699,2026-08-01 10:15:03.640670,Flight Boarding,QR / Biometric,boarding,Ethereum Sepolia,Controlled simulation,False,1,2,90.19,34.29,37.22,53.27,243.15,336.61,3478.97,3478.97,64617,20.007,0.0012928,74794096.0,96694.0,True,,0,0.0,False,False,False
EXEC-0102,2026-08-01 10:15:45,2026-08-01 10:15:45.089710,2026-08-01 10:15:45.217653,2026-08-01 10:15:48.642695,Flight Boarding,QR / Biometric,boarding,Ethereum Sepolia,Controlled simulation,False,1,1,89.71,77.92,50.03,60.52,508.3,343.6,3425.04,3425.04,20366,24.362,0.00049617,73513659.0,36475.0,True,,0,0.0,False,False,False
EXEC-0103,2026-08-01 10:16:30,2026-08-01 10:16:30.092376,2026-08-01 10:16:30.207916,2026-08-01 10:16:32.991890,Flight Boarding,QR / Biometric,boarding,Ethereum Sepolia,Controlled simulation,False,1,1,92.38,76.03,39.51,49.25,448.69,392.87,2783.97,2783.97,22378,19.916,0.00044567,74025150.0,32991.0,True,,0,0.0,False,False,False
EXEC-0104,2026-08-01 10:17:15,2026-08-01 10:17:15.062842,2026-08-01 10:17:15.161795,2026-08-01 10:17:18.102783,Flight Boarding,QR / Biometric,boarding,Ethereum Sepolia,Controlled simulation,False,2,2,62.84,50.64,48.31,92.93,422.91,270.98,2940.99,2940.99,75969,20.687,0.00157156,73681529.0,115795.0,True,,0,0.0,False,False,False
EXEC-0105,2026-08-01 10:18:00,2026-08-01 10:18:00.081309,2026-08-01 10:18:00.185437,2026-08-01 10:18:03.606048,Flight Boarding,QR / Biometric,boarding,Ethereum Sepolia,Controlled simulation,False,1,1,81.31,63.9,40.23,53.21,196.7,322.79,3420.61,3420.61,22296,23.751,0.00052955,74790348.0,39605.0,True,,0,0.0,False,False,False
EXEC-0106,2026-08-01 10:18:45,2026-08-01 10:18:45.109700,2026-08-01 10:18:45.231321,2026-08-01 10:18:48.632259,Flight Boarding,QR / Biometric,boarding,Ethereum Sepolia,Controlled simulation,False,1,1,109.7,71.23,50.4,48.06,356.1,388.81,3400.94,3400.94,19075,22.814,0.00043518,74182201.0,32282.0,True,,0,0.0,False,False,False
EXEC-0107,2026-08-01 10:19:30,2026-08-01 10:19:30.035536,2026-08-01 10:19:30.145708,2026-08-01 10:19:32.673422,Flight Boarding,QR / Biometric,boarding,Ethereum Sepolia,Controlled simulation,False,2,2,35.54,73.16,37.02,34.94,300.12,292.1,2527.71,2527.71,60485,16.217,0.00098086,75620134.0,74172.0,True,,0,0.0,False,False,False
EXEC-0108,2026-08-01 10:20:15,2026-08-01 10:20:15.048817,2026-08-01 10:20:15.185371,2026-08-01 10:20:18.501833,Flight Boarding,QR / Biometric,boarding,Ethereum Sepolia,Controlled simulation,False,2,2,48.82,85.95,50.6,58.13,205.87,260.86,3316.46,3316.46,71748,20.304,0.0014568,73872281.0,107617.0,True,,0,0.0,False,False,False
EXEC-0109,2026-08-01 10:21:00,2026-08-01 10:21:00.073770,2026-08-01 10:21:00.177341,2026-08-01 10:21:03.173047,Flight Boarding,QR / Biometric,boarding,Ethereum Sepolia,Controlled simulation,False,1,1,73.77,52.18,51.39,43.75,535.75,332.92,2995.71,2995.71,19917,16.261,0.00032388,72964904.0,23632.0,True,,0,0.0,False,False,False
EXEC-0110,2026-08-01 10:21:45,2026-08-01 10:21:45.067326,2026-08-01 10:21:45.188578,2026-08-01 10:21:48.242808,Flight Boarding,QR / Biometric,boarding,Ethereum Sepolia,Controlled simulation,False,2,3,67.33,60.87,60.38,59.75,381.58,360.98,3054.23,3054.23,67778,18.822,0.0012757,72858921.0,92946.0,True,,0,0.0,False,False,False
EXEC-0111,2026-08-01 10:22:30,2026-08-01 10:22:30.094629,2026-08-01 10:22:30.200565,2026-08-01 10:22:33.268485,Flight Boarding,QR / Biometric,boarding,Ethereum Sepolia,Controlled simulation,False,1,3,94.63,41.59,64.34,61.47,270.15,400.16,3067.92,3067.92,64711,24.882,0.00161017,71075318.0,114443.0,True,,0,0.0,False,False,False
EXEC-0112,2026-08-01 10:23:15,2026-08-01 10:23:15.096321,2026-08-01 10:23:15.203792,2026-08-01 10:23:19.005388,Flight Boarding,QR / Biometric,boarding,Ethereum Sepolia,Controlled simulation,False,1,2,96.32,60.46,47.01,31.49,324.84,400.53,3801.6,3801.6,70724,16.524,0.00116863,73527743.0,85927.0,True,,0,0.0,False,False,False
EXEC-0113,2026-08-01 10:24:00,2026-08-01 10:24:00.098899,2026-08-01 10:24:00.207739,2026-08-01 10:24:03.371426,Flight Boarding,QR / Biometric,boarding,Ethereum Sepolia,Controlled simulation,False,2,2,98.9,70.72,38.12,61.76,325.37,263.4,3163.69,3163.69,60926,16.828,0.00102526,73353503.0,75207.0,True,,0,0.0,False,False,False
EXEC-0114,2026-08-01 10:24:45,2026-08-01 10:24:45.104950,2026-08-01 10:24:45.228008,2026-08-01 10:24:48.746205,Flight Boarding,QR / Biometric,boarding,Ethereum Sepolia,Controlled simulation,False,1,2,104.95,56.33,66.73,66.65,469.57,294.04,3518.2,3518.2,62565,23.948,0.00149828,76005700.0,113878.0,True,,0,0.0,False,False,False
EXEC-0115,2026-08-01 10:25:30,2026-08-01 10:25:30.048167,2026-08-01 10:25:30.167856,2026-08-01 10:25:33.160974,Flight Boarding,QR / Biometric,boarding,Ethereum Sepolia,Controlled simulation,False,1,1,48.17,80.45,39.24,57.71,454.77,286.34,2993.12,2993.12,23462,16.874,0.00039589,74143830.0,29353.0,True,,0,0.0,False,False,False
EXEC-0116,2026-08-01 10:26:15,2026-08-01 10:26:15.106059,2026-08-01 10:26:15.188924,2026-08-01 10:26:18.481055,Flight Boarding,QR / Biometric,boarding,Ethereum Sepolia,Controlled simulation,False,1,2,106.06,45.63,37.24,55.57,367.5,344.74,3292.13,3292.13,70524,19.164,0.00135154,72738871.0,98309.0,True,,0,0.0,False,False,False
EXEC-0117,2026-08-01 10:27:00,2026-08-01 10:27:00.046328,2026-08-01 10:27:00.147878,2026-08-01 10:27:03.823489,Flight Boarding,QR / Biometric,boarding,Ethereum Sepolia,Controlled simulation,False,2,3,46.33,47.96,53.59,63.95,401.16,352.49,3675.61,3675.61,75178,20.342,0.00152928,73894059.0,113005.0,True,,0,0.0,False,False,False
EXEC-0118,2026-08-01 10:27:45,2026-08-01 10:27:45.060643,2026-08-01 10:27:45.181566,2026-08-01 10:27:48.901625,Flight Boarding,QR / Biometric,boarding,Ethereum Sepolia,Controlled simulation,False,2,2,60.64,85.4,35.53,47.18,321.53,273.13,3720.06,3720.06,57716,17.773,0.00102579,74836869.0,76767.0,True,,0,0.0,False,False,False
EXEC-0119,2026-08-01 10:28:30,2026-08-01 10:28:30.106936,2026-08-01 10:28:30.246999,2026-08-01 10:28:33.459120,Flight Boarding,QR / Biometric,boarding,Ethereum Sepolia,Controlled simulation,False,2,3,106.94,89.03,51.03,72.12,510.72,376.06,3212.12,3212.12,73481,18.78,0.00137994,72306234.0,99778.0,True,,0,0.0,False,False,False
EXEC-0120,2026-08-01 10:29:15,2026-08-01 10:29:15.091205,2026-08-01 10:29:15.208890,2026-08-01 10:29:18.831778,Flight Boarding,QR / Biometric,boarding,Ethereum Sepolia,Controlled simulation,False,2,3,91.2,70.08,47.61,66.2,342.33,307.76,3622.89,3622.89,62576,17.355,0.00108598,71355746.0,77491.0,True,,0,0.0,False,False,False
EXEC-0121,2026-08-01 10:30:00,2026-08-01 10:30:00.080698,2026-08-01 10:30:00.185215,2026-08-01 10:30:03.560957,Flight Boarding,QR / Biometric,boarding,Ethereum Sepolia,Controlled simulation,False,1,2,80.7,57.41,47.11,48.0,431.96,353.7,3375.74,3375.74,66865,22.841,0.00152725,75443290.0,115221.0,True,,0,0.0,False,False,False
EXEC-0122,2026-08-01 10:30:45,2026-08-01 10:30:45.040882,2026-08-01 10:30:45.132592,2026-08-01 10:30:48.291581,Flight Boarding,QR / Biometric,boarding,Ethereum Sepolia,Controlled simulation,False,1,1,40.88,57.0,34.71,43.29,462.66,302.7,3158.99,3158.99,25453,20.2,0.00051415,74592160.0,38352.0,True,,0,0.0,False,False,False
EXEC-0123,2026-08-01 10:31:30,2026-08-01 10:31:30.103109,2026-08-01 10:31:30.196668,2026-08-01 10:31:33.004541,Flight Boarding,QR / Biometric,boarding,Ethereum Sepolia,Controlled simulation,False,1,3,103.11,43.15,50.41,46.76,523.44,361.8,2807.87,2807.87,70882,15.426,0.00109343,75219904.0,82247.0,True,,0,0.0,False,False,False
EXEC-0124,2026-08-01 10:32:15,2026-08-01 10:32:15.082094,2026-08-01 10:32:15.229424,2026-08-01 10:32:18.722886,Flight Boarding,QR / Biometric,boarding,Ethereum Sepolia,Controlled simulation,False,1,1,82.09,80.74,66.59,41.02,327.58,328.63,3493.46,3493.46,20899,17.965,0.00037546,74057719.0,27805.0,True,,0,0.0,False,False,False
EXEC-0125,2026-08-01 10:33:00,2026-08-01 10:33:00.068567,2026-08-01 10:33:00.181768,2026-08-01 10:33:02.812644,Flight Boarding,QR / Biometric,boarding,Ethereum Sepolia,Controlled simulation,False,1,2,68.57,70.16,43.04,53.72,556.4,356.33,2630.88,2630.88,60242,17.326,0.00104373,71259370.0,74376.0,True,,0,0.0,False,False,False
EXEC-0126,2026-08-01 10:33:45,2026-08-01 10:33:45.029011,2026-08-01 10:33:45.149470,2026-08-01 10:33:47.227240,Flight Boarding,QR / Biometric,boarding,Ethereum Sepolia,Controlled simulation,False,2,2,29.01,81.2,39.26,58.63,406.64,391.13,2077.77,2077.77,75996,18.012,0.00136887,74199973.0,101570.0,True,,0,0.0,False,False,False
EXEC-0127,2026-08-01 10:34:30,2026-08-01 10:34:30.078273,2026-08-01 10:34:30.198473,2026-08-01 10:34:32.857724,Flight Boarding,QR / Biometric,boarding,Ethereum Sepolia,Controlled simulation,False,2,2,78.27,67.81,52.39,66.74,394.12,366.39,2659.25,2659.25,63681,21.88,0.00139334,71890860.0,100169.0,True,,0,0.0,False,False,False
EXEC-0128,2026-08-01 10:35:15,2026-08-01 10:35:15.073489,2026-08-01 10:35:15.165075,2026-08-01 10:35:18.472810,Flight Boarding,QR / Biometric,boarding,Ethereum Sepolia,Controlled simulation,False,1,2,73.49,53.05,38.54,48.68,479.23,388.76,3307.73,3307.73,74517,21.599,0.00160946,72875269.0,117290.0,True,,0,0.0,False,False,False
EXEC-0129,2026-08-01 10:36:00,2026-08-01 10:36:00.066971,2026-08-01 10:36:00.162214,2026-08-01 10:36:03.574581,Flight Boarding,QR / Biometric,boarding,Ethereum Sepolia,Controlled simulation,False,2,3,66.97,35.36,59.88,59.94,507.38,271.2,3412.37,3412.37,66132,19.153,0.00126661,73183210.0,92695.0,True,,0,0.0,False,False,False
EXEC-0130,2026-08-01 10:36:45,2026-08-01 10:36:45.091603,2026-08-01 10:36:45.182877,2026-08-01 10:36:48.318356,Flight Boarding,QR / Biometric,boarding,Ethereum Sepolia,Controlled simulation,False,1,3,91.6,41.89,49.38,83.29,457.99,229.99,3135.48,3135.48,69924,23.538,0.00164586,75251517.0,123854.0,True,,0,0.0,False,False,False
EXEC-0131,2026-08-01 10:37:30,2026-08-01 10:37:30.066503,2026-08-01 10:37:30.174496,2026-08-01 10:37:33.630377,Flight Boarding,QR / Biometric,boarding,Ethereum Sepolia,Controlled simulation,False,1,3,66.5,58.88,49.11,53.15,229.87,411.38,3455.88,3455.88,69756,14.462,0.00100882,71952677.0,72587.0,True,,0,0.0,False,False,False
EXEC-0132,2026-08-01 10:38:15,2026-08-01 10:38:15.062148,2026-08-01 10:38:15.155266,2026-08-01 10:38:18.598586,Flight Boarding,QR / Biometric,boarding,Ethereum Sepolia,Controlled simulation,False,1,1,62.15,39.03,54.09,50.7,391.39,347.29,3443.32,3443.32,19090,16.385,0.00031278,73262478.0,22915.0,True,,0,0.0,False,False,False
EXEC-0133,2026-08-01 10:39:00,2026-08-01 10:39:00.083681,2026-08-01 10:39:00.207022,2026-08-01 10:39:03.773842,Flight Boarding,QR / Biometric,boarding,Ethereum Sepolia,Controlled simulation,False,2,2,83.68,79.7,43.64,41.4,453.54,355.16,3566.82,3566.82,75677,12.837,0.00097145,74068562.0,71954.0,True,,0,0.0,False,False,False
EXEC-0134,2026-08-01 10:39:45,2026-08-01 10:39:45.073501,2026-08-01 10:39:45.173028,2026-08-01 10:39:48.445969,Flight Boarding,QR / Biometric,boarding,Ethereum Sepolia,Controlled simulation,False,1,3,73.5,60.29,39.24,65.51,536.13,352.27,3272.94,3272.94,70595,17.662,0.00124684,72790735.0,90758.0,True,,0,0.0,False,False,False
EXEC-0135,2026-08-01 10:40:30,2026-08-01 10:40:30.110199,2026-08-01 10:40:30.228306,2026-08-01 10:40:33.547927,Flight Boarding,QR / Biometric,boarding,Ethereum Sepolia,Controlled simulation,False,1,1,110.2,68.45,49.65,77.94,659.86,399.92,3319.62,3319.62,19013,16.666,0.00031687,72451919.0,22958.0,True,,0,0.0,False,False,False
EXEC-0136,2026-08-01 10:41:15,2026-08-01 10:41:15.109688,2026-08-01 10:41:15.201998,2026-08-01 10:41:18.287646,Flight Boarding,QR / Biometric,boarding,Ethereum Sepolia,Controlled simulation,False,2,2,109.69,36.89,55.42,62.73,346.14,345.49,3085.65,3085.65,69816,20.753,0.00144889,74662176.0,108177.0,True,,0,0.0,False,False,False
EXEC-0137,2026-08-01 10:42:00,2026-08-01 10:42:00.114882,2026-08-01 10:42:00.216564,2026-08-01 10:42:03.079129,Flight Boarding,QR / Biometric,boarding,Ethereum Sepolia,Controlled simulation,False,1,2,114.88,58.88,42.8,44.43,344.73,311.75,2862.56,2862.56,64327,19.45,0.00125119,73648104.0,92148.0,True,,0,0.0,False,False,False
EXEC-0138,2026-08-01 10:42:45,2026-08-01 10:42:45.048836,2026-08-01 10:42:45.154809,2026-08-01 10:42:48.647126,Flight Boarding,QR / Biometric,boarding,Ethereum Sepolia,Controlled simulation,False,1,3,48.84,56.83,49.14,38.02,457.39,388.17,3492.32,3492.32,70604,16.979,0.00119876,72111263.0,86444.0,True,,0,0.0,False,False,False
EXEC-0139,2026-08-01 10:43:30,2026-08-01 10:43:30.060218,2026-08-01 10:43:30.200558,2026-08-01 10:43:34.884524,Flight Boarding,QR / Biometric,boarding,Ethereum Sepolia,Controlled simulation,False,1,2,60.22,83.59,56.75,68.35,362.2,395.0,4683.97,4683.97,75419,15.668,0.00118163,70804603.0,83665.0,True,,0,0.0,False,False,False
EXEC-0140,2026-08-01 10:44:15,2026-08-01 10:44:15.055420,2026-08-01 10:44:15.171119,2026-08-01 10:44:18.123065,Flight Boarding,QR / Biometric,boarding,Ethereum Sepolia,Controlled simulation,False,2,2,55.42,79.67,36.03,51.76,317.54,369.17,2951.95,2951.95,67173,22.39,0.00150399,72684741.0,109317.0,True,,0,0.0,False,False,False
EXEC-0141,2026-08-01 10:45:00,2026-08-01 10:45:00.066939,2026-08-01 10:45:00.165667,2026-08-01 10:45:03.098589,Flight Boarding,QR / Biometric,boarding,Ethereum Sepolia,Controlled simulation,False,2,2,66.94,43.5,55.23,55.15,300.42,357.0,2932.92,2932.92,66832,19.503,0.00130344,73435418.0,95719.0,True,,0,0.0,False,False,False
EXEC-0142,2026-08-01 10:45:45,2026-08-01 10:45:45.066894,2026-08-01 10:45:45.162596,2026-08-01 10:45:48.150794,Flight Boarding,QR / Biometric,boarding,Ethereum Sepolia,Controlled simulation,False,2,3,66.89,51.6,44.11,46.42,516.81,324.89,2988.2,2988.2,78840,24.796,0.00195492,73632759.0,143946.0,True,,0,0.0,False,False,False
EXEC-0143,2026-08-01 10:46:30,2026-08-01 10:46:30.075878,2026-08-01 10:46:30.218738,2026-08-01 10:46:33.226036,Flight Boarding,QR / Biometric,boarding,Ethereum Sepolia,Controlled simulation,False,1,3,75.88,83.76,59.1,60.46,478.31,275.47,3007.3,3007.3,59874,23.364,0.00139892,74014436.0,103541.0,True,,0,0.0,False,False,False
EXEC-0144,2026-08-01 10:47:15,2026-08-01 10:47:15.070326,2026-08-01 10:47:15.178940,2026-08-01 10:47:18.513965,Flight Boarding,QR / Biometric,boarding,Ethereum Sepolia,Controlled simulation,False,1,1,70.33,56.27,52.35,62.71,575.26,351.48,3335.02,3335.02,20920,21.061,0.00044059,73735054.0,32487.0,True,,0,0.0,False,False,False
EXEC-0145,2026-08-01 10:48:00,2026-08-01 10:48:00.063315,2026-08-01 10:48:00.190269,2026-08-01 10:48:03.625365,Flight Boarding,QR / Biometric,boarding,Ethereum Sepolia,Controlled simulation,False,1,1,63.32,60.89,66.07,65.35,589.11,400.73,3435.1,3435.1,19516,18.958,0.00036999,74241069.0,27469.0,True,,0,0.0,False,False,False
EXEC-0146,2026-08-01 10:48:45,2026-08-01 10:48:45.046944,2026-08-01 10:48:45.185391,2026-08-01 10:48:47.647545,Flight Boarding,QR / Biometric,boarding,Ethereum Sepolia,Controlled simulation,False,2,3,46.94,92.13,46.31,55.86,445.25,377.15,2462.15,2462.15,69239,24.074,0.00166684,74962305.0,124950.0,True,,0,0.0,False,False,False
EXEC-0147,2026-08-01 10:49:30,2026-08-01 10:49:30.076612,2026-08-01 10:49:30.207030,2026-08-01 10:49:33.351832,Flight Boarding,QR / Biometric,boarding,Ethereum Sepolia,Controlled simulation,False,1,1,76.61,70.69,59.73,65.9,459.41,323.38,3144.8,3144.8,22310,19.911,0.00044422,73618583.0,32703.0,True,,0,0.0,False,False,False
EXEC-0148,2026-08-01 10:50:15,2026-08-01 10:50:15.087623,2026-08-01 10:50:15.192490,2026-08-01 10:50:17.744754,Flight Boarding,QR / Biometric,boarding,Ethereum Sepolia,Controlled simulation,False,1,1,87.62,57.1,47.77,52.73,552.91,300.07,2552.26,2552.26,20285,20.833,0.00042259,71312051.0,30136.0,True,,0,0.0,False,False,False
EXEC-0149,2026-08-01 10:51:00,2026-08-01 10:51:00.094884,2026-08-01 10:51:00.208242,2026-08-01 10:51:03.666846,Flight Boarding,QR / Biometric,boarding,Ethereum Sepolia,Controlled simulation,False,2,2,94.88,61.57,51.79,37.97,473.33,284.06,3458.6,3458.6,71637,13.977,0.00100125,74367779.0,74461.0,False,Event Validation,1,1071.62,False,False,False
EXEC-0150,2026-08-01 10:51:45,2026-08-01 10:51:45.107018,2026-08-01 10:51:45.233051,2026-08-01 10:51:48.810157,Flight Boarding,QR / Biometric,boarding,Ethereum Sepolia,Controlled simulation,False,1,2,107.02,61.71,64.32,66.78,596.18,332.13,3577.11,3577.11,70752,16.18,0.00114475,72420408.0,82903.0,False,RPC Submission,1,835.86,False,False,False
EXEC-0151,2026-08-01 10:52:30,2026-08-01 10:52:30.082651,2026-08-01 10:52:30.205454,2026-08-01 10:52:34.093892,Restaurant Order,QR / GPS,restaurant-order,Ethereum Sepolia,Controlled simulation,False,1,2,82.65,59.06,63.74,62.23,303.77,319.86,3888.44,3888.44,74002,16.582,0.00122712,72053192.0,88418.0,True,,0,0.0,False,False,False
EXEC-0152,2026-08-01 10:53:15,2026-08-01 10:53:15.097043,2026-08-01 10:53:15.228014,2026-08-01 10:53:18.279474,Restaurant Order,QR / GPS,restaurant-order,Ethereum Sepolia,Controlled simulation,False,1,3,97.04,83.6,47.37,48.52,424.37,412.43,3051.46,3051.46,69128,19.433,0.00134335,72991242.0,98053.0,True,,0,0.0,False,False,False
EXEC-0153,2026-08-01 10:54:00,2026-08-01 10:54:00.113828,2026-08-01 10:54:00.202137,2026-08-01 10:54:03.813204,Restaurant Order,QR / GPS,restaurant-order,Ethereum Sepolia,Controlled simulation,False,1,3,113.83,32.83,55.48,56.41,378.59,382.91,3611.07,3611.07,70800,17.281,0.0012235,73680364.0,90148.0,True,,0,0.0,False,False,False
EXEC-0154,2026-08-01 10:54:45,2026-08-01 10:54:45.060863,2026-08-01 10:54:45.171336,2026-08-01 10:54:48.728700,Restaurant Order,QR / GPS,restaurant-order,Ethereum Sepolia,Controlled simulation,False,2,3,60.86,61.08,49.39,56.67,467.97,345.25,3557.36,3557.36,64813,22.985,0.00148974,74004247.0,110247.0,True,,0,0.0,False,False,False
EXEC-0155,2026-08-01 10:55:30,2026-08-01 10:55:30.074956,2026-08-01 10:55:30.192333,2026-08-01 10:55:34.431219,Restaurant Order,QR / GPS,restaurant-order,Ethereum Sepolia,Controlled simulation,False,2,2,74.96,69.67,47.71,64.14,361.96,297.45,4238.89,4238.89,68068,20.221,0.00137643,74370508.0,102366.0,True,,0,0.0,False,False,False
EXEC-0156,2026-08-01 10:56:15,2026-08-01 10:56:15.068185,2026-08-01 10:56:15.199792,2026-08-01 10:56:19.494169,Restaurant Order,QR / GPS,restaurant-order,Ethereum Sepolia,Controlled simulation,False,2,3,68.19,74.8,56.81,41.81,433.91,249.56,4294.38,4294.38,61524,16.207,0.0009971,73961992.0,73748.0,True,,0,0.0,False,False,False
EXEC-0157,2026-08-01 10:57:00,2026-08-01 10:57:00.083492,2026-08-01 10:57:00.180954,2026-08-01 10:57:03.545721,Restaurant Order,QR / GPS,restaurant-order,Ethereum Sepolia,Controlled simulation,False,1,3,83.49,38.8,58.66,43.25,335.25,370.47,3364.77,3364.77,72988,19.297,0.00140848,72906012.0,102687.0,True,,0,0.0,False,False,False
EXEC-0158,2026-08-01 10:57:45,2026-08-01 10:57:45.104066,2026-08-01 10:57:45.211764,2026-08-01 10:57:48.170061,Restaurant Order,QR / GPS,restaurant-order,Ethereum Sepolia,Controlled simulation,False,2,2,104.07,54.26,53.44,39.57,456.3,331.54,2958.3,2958.3,71641,21.421,0.00153461,71955969.0,110424.0,True,,0,0.0,False,False,False
EXEC-0159,2026-08-01 10:58:30,2026-08-01 10:58:30.101901,2026-08-01 10:58:30.229671,2026-08-01 10:58:33.507143,Restaurant Order,QR / GPS,restaurant-order,Ethereum Sepolia,Controlled simulation,False,1,1,101.9,57.28,70.49,55.5,307.11,440.61,3277.47,3277.47,19017,24.647,0.00046871,73148155.0,34285.0,True,,0,0.0,False,False,False
EXEC-0160,2026-08-01 10:59:15,2026-08-01 10:59:15.095144,2026-08-01 10:59:15.193889,2026-08-01 10:59:18.951498,Restaurant Order,QR / GPS,restaurant-order,Ethereum Sepolia,Controlled simulation,False,2,1,95.14,56.4,42.34,60.24,469.78,315.54,3757.61,3757.61,72771,20.922,0.00152252,72926486.0,111032.0,True,,0,0.0,False,False,False
EXEC-0161,2026-08-01 11:00:00,2026-08-01 11:00:00.051837,2026-08-01 11:00:00.197473,2026-08-01 11:00:03.467192,Restaurant Order,QR / GPS,restaurant-order,Ethereum Sepolia,Controlled simulation,False,2,3,51.84,88.15,57.49,60.68,415.1,415.66,3269.72,3269.72,64190,12.744,0.00081804,74680122.0,61092.0,True,,0,0.0,False,False,False
EXEC-0162,2026-08-01 11:00:45,2026-08-01 11:00:45.105459,2026-08-01 11:00:45.214397,2026-08-01 11:00:49.444897,Restaurant Order,QR / GPS,restaurant-order,Ethereum Sepolia,Controlled simulation,False,2,3,105.46,70.93,38.01,68.08,408.68,299.64,4230.5,4230.5,75333,20.834,0.00156947,73186781.0,114865.0,True,,0,0.0,False,False,False
EXEC-0163,2026-08-01 11:01:30,2026-08-01 11:01:30.078927,2026-08-01 11:01:30.236869,2026-08-01 11:01:34.439405,Restaurant Order,QR / GPS,restaurant-order,Ethereum Sepolia,Controlled simulation,False,1,1,78.93,96.93,61.01,39.22,431.02,209.73,4202.54,4202.54,21446,20.983,0.00045,73684557.0,33158.0,True,,0,0.0,False,False,False
EXEC-0164,2026-08-01 11:02:15,2026-08-01 11:02:15.119656,2026-08-01 11:02:15.232182,2026-08-01 11:02:18.563605,Restaurant Order,QR / GPS,restaurant-order,Ethereum Sepolia,Controlled simulation,False,2,2,119.66,50.97,61.56,53.2,504.22,306.84,3331.42,3331.42,77306,24.131,0.00186547,73749545.0,137578.0,True,,0,0.0,False,False,False
EXEC-0165,2026-08-01 11:03:00,2026-08-01 11:03:00.093885,2026-08-01 11:03:00.219654,2026-08-01 11:03:03.525045,Restaurant Order,QR / GPS,restaurant-order,Ethereum Sepolia,Controlled simulation,False,2,3,93.89,91.88,33.89,56.14,586.41,310.98,3305.39,3305.39,79117,20.473,0.00161972,71735299.0,116191.0,True,,0,0.0,False,False,False
EXEC-0166,2026-08-01 11:03:45,2026-08-01 11:03:45.063695,2026-08-01 11:03:45.168544,2026-08-01 11:03:48.879307,Restaurant Order,QR / GPS,restaurant-order,Ethereum Sepolia,Controlled simulation,False,2,1,63.7,82.44,22.41,43.37,477.15,292.26,3710.76,3710.76,69525,18.766,0.00130469,73441210.0,95818.0,True,,0,0.0,False,False,False
EXEC-0167,2026-08-01 11:04:30,2026-08-01 11:04:30.077672,2026-08-01 11:04:30.190552,2026-08-01 11:04:34.050307,Restaurant Order,QR / GPS,restaurant-order,Ethereum Sepolia,Controlled simulation,False,1,1,77.67,68.24,44.64,54.77,483.77,439.96,3859.76,3859.76,21610,18.214,0.00039361,75356239.0,29661.0,True,,0,0.0,False,False,False
EXEC-0168,2026-08-01 11:05:15,2026-08-01 11:05:15.081038,2026-08-01 11:05:15.231154,2026-08-01 11:05:19.092812,Restaurant Order,QR / GPS,restaurant-order,Ethereum Sepolia,Controlled simulation,False,2,2,81.04,101.42,48.7,76.7,614.84,325.4,3861.66,3861.66,62074,13.662,0.00084803,73216318.0,62089.0,True,,0,0.0,False,False,False
EXEC-0169,2026-08-01 11:06:00,2026-08-01 11:06:00.098727,2026-08-01 11:06:00.215341,2026-08-01 11:06:05.194844,Restaurant Order,QR / GPS,restaurant-order,Ethereum Sepolia,Controlled simulation,False,1,1,98.73,53.6,63.02,53.61,534.99,373.45,4979.5,4979.5,21754,14.689,0.00031955,74815139.0,23907.0,True,,0,0.0,False,False,False
EXEC-0170,2026-08-01 11:06:45,2026-08-01 11:06:45.066168,2026-08-01 11:06:45.202283,2026-08-01 11:06:48.913499,Restaurant Order,QR / GPS,restaurant-order,Ethereum Sepolia,Controlled simulation,False,2,3,66.17,74.68,61.44,51.53,258.29,250.12,3711.22,3711.22,66221,23.32,0.00154426,72546427.0,112031.0,True,,0,0.0,False,False,False
EXEC-0171,2026-08-01 11:07:30,2026-08-01 11:07:30.080739,2026-08-01 11:07:30.159019,2026-08-01 11:07:34.652795,Restaurant Order,QR / GPS,restaurant-order,Ethereum Sepolia,Controlled simulation,False,2,3,80.74,47.58,30.7,65.03,317.49,337.52,4493.78,4493.78,59456,14.504,0.00086237,74017405.0,63830.0,True,,0,0.0,False,False,False
EXEC-0172,2026-08-01 11:08:15,2026-08-01 11:08:15.102617,2026-08-01 11:08:15.239693,2026-08-01 11:08:19.140817,Restaurant Order,QR / GPS,restaurant-order,Ethereum Sepolia,Controlled simulation,False,1,3,102.62,74.32,62.75,42.04,347.11,411.92,3901.12,3901.12,71623,20.03,0.00143462,74876578.0,107420.0,True,,0,0.0,False,False,False
EXEC-0173,2026-08-01 11:09:00,2026-08-01 11:09:00.071897,2026-08-01 11:09:00.181094,2026-08-01 11:09:03.866005,Restaurant Order,QR / GPS,restaurant-order,Ethereum Sepolia,Controlled simulation,False,2,2,71.9,59.69,49.51,45.96,494.46,351.92,3684.91,3684.91,72631,16.688,0.0012121,73736838.0,89377.0,True,,0,0.0,False,False,False
EXEC-0174,2026-08-01 11:09:45,2026-08-01 11:09:45.095513,2026-08-01 11:09:45.190246,2026-08-01 11:09:48.827340,Restaurant Order,QR / GPS,restaurant-order,Ethereum Sepolia,Controlled simulation,False,1,3,95.51,59.28,35.45,63.15,450.21,311.18,3637.09,3637.09,75405,15.731,0.00118621,75549057.0,89617.0,True,,0,0.0,False,False,False
EXEC-0175,2026-08-01 11:10:30,2026-08-01 11:10:30.050549,2026-08-01 11:10:30.150180,2026-08-01 11:10:35.028676,Restaurant Order,QR / GPS,restaurant-order,Ethereum Sepolia,Controlled simulation,False,2,2,50.55,43.53,56.1,69.1,552.44,275.16,4878.5,4878.5,62755,17.533,0.00110029,72833437.0,80138.0,True,,0,0.0,False,False,False
EXEC-0176,2026-08-01 11:11:15,2026-08-01 11:11:15.101273,2026-08-01 11:11:15.232448,2026-08-01 11:11:18.311203,Restaurant Order,QR / GPS,restaurant-order,Ethereum Sepolia,Controlled simulation,False,1,2,101.27,78.07,53.11,43.88,150.0,317.57,3078.75,3078.75,67381,16.92,0.0011401,74976453.0,85480.0,True,,0,0.0,False,False,False
EXEC-0177,2026-08-01 11:12:00,2026-08-01 11:12:00.119581,2026-08-01 11:12:00.228047,2026-08-01 11:12:03.238691,Restaurant Order,QR / GPS,restaurant-order,Ethereum Sepolia,Controlled simulation,False,2,3,119.58,38.97,69.5,40.99,455.57,323.46,3010.64,3010.64,65403,14.905,0.00097481,75388431.0,73489.0,True,,0,0.0,False,False,False
EXEC-0178,2026-08-01 11:12:45,2026-08-01 11:12:45.052977,2026-08-01 11:12:45.182565,2026-08-01 11:12:49.006782,Restaurant Order,QR / GPS,restaurant-order,Ethereum Sepolia,Controlled simulation,False,1,1,52.98,62.54,67.05,48.44,175.2,329.97,3824.22,3824.22,22480,17.231,0.00038735,72979241.0,28269.0,True,,0,0.0,False,False,False
EXEC-0179,2026-08-01 11:13:30,2026-08-01 11:13:30.088020,2026-08-01 11:13:30.196072,2026-08-01 11:13:33.674359,Restaurant Order,QR / GPS,restaurant-order,Ethereum Sepolia,Controlled simulation,False,2,2,88.02,61.34,46.71,39.95,448.86,400.18,3478.29,3478.29,69651,17.281,0.00120365,73593060.0,88580.0,True,,0,0.0,False,False,False
EXEC-0180,2026-08-01 11:14:15,2026-08-01 11:14:15.065754,2026-08-01 11:14:15.153037,2026-08-01 11:14:19.288440,Restaurant Order,QR / GPS,restaurant-order,Ethereum Sepolia,Controlled simulation,False,2,3,65.75,44.9,42.38,59.66,500.95,358.44,4135.4,4135.4,66280,17.341,0.00114937,74539599.0,85673.0,True,,0,0.0,False,False,False
EXEC-0181,2026-08-01 11:15:00,2026-08-01 11:15:00.066038,2026-08-01 11:15:00.153056,2026-08-01 11:15:03.526223,Restaurant Order,QR / GPS,restaurant-order,Ethereum Sepolia,Controlled simulation,False,2,3,66.04,50.96,36.06,49.02,338.97,333.19,3373.17,3373.17,72334,14.499,0.00104876,73535961.0,77121.0,True,,0,0.0,False,False,False
EXEC-0182,2026-08-01 11:15:45,2026-08-01 11:15:45.057358,2026-08-01 11:15:45.157459,2026-08-01 11:15:48.954765,Restaurant Order,QR / GPS,restaurant-order,Ethereum Sepolia,Controlled simulation,False,2,2,57.36,53.09,47.01,36.18,353.07,319.22,3797.31,3797.31,60775,14.965,0.00090952,74243103.0,67525.0,True,,0,0.0,False,False,False
EXEC-0183,2026-08-01 11:16:30,2026-08-01 11:16:30.103196,2026-08-01 11:16:30.241413,2026-08-01 11:16:34.586292,Restaurant Order,QR / GPS,restaurant-order,Ethereum Sepolia,Controlled simulation,False,2,2,103.2,70.09,68.13,70.72,405.58,368.65,4344.88,4344.88,69851,16.859,0.00117764,73966043.0,87105.0,True,,0,0.0,False,False,False
EXEC-0184,2026-08-01 11:17:15,2026-08-01 11:17:15.082088,2026-08-01 11:17:15.175537,2026-08-01 11:17:18.959306,Restaurant Order,QR / GPS,restaurant-order,Ethereum Sepolia,Controlled simulation,False,2,2,82.09,67.91,25.54,42.98,537.96,377.87,3783.77,3783.77,67624,19.619,0.00132673,75430247.0,100076.0,True,,0,0.0,False,False,False
EXEC-0185,2026-08-01 11:18:00,2026-08-01 11:18:00.071075,2026-08-01 11:18:00.171658,2026-08-01 11:18:03.464520,Restaurant Order,QR / GPS,restaurant-order,Ethereum Sepolia,Controlled simulation,False,2,3,71.07,51.87,48.72,51.9,406.27,351.8,3292.86,3292.86,64876,16.486,0.00106953,75864054.0,81139.0,True,,0,0.0,False,False,False
EXEC-0186,2026-08-01 11:18:45,2026-08-01 11:18:45.102263,2026-08-01 11:18:45.205751,2026-08-01 11:18:48.133906,Restaurant Order,QR / GPS,restaurant-order,Ethereum Sepolia,Controlled simulation,False,2,2,102.26,60.18,43.31,52.25,224.98,366.38,2928.16,2928.16,57782,16.783,0.00096976,72864310.0,70661.0,True,,0,0.0,False,False,False
EXEC-0187,2026-08-01 11:19:30,2026-08-01 11:19:30.096091,2026-08-01 11:19:30.247933,2026-08-01 11:19:34.090242,Restaurant Order,QR / GPS,restaurant-order,Ethereum Sepolia,Controlled simulation,False,1,2,96.09,91.03,60.81,47.24,260.2,312.39,3842.31,3842.31,74949,23.131,0.00173367,73405584.0,127261.0,True,,0,0.0,False,False,False
EXEC-0188,2026-08-01 11:20:15,2026-08-01 11:20:15.050597,2026-08-01 11:20:15.168078,2026-08-01 11:20:19.080337,Restaurant Order,QR / GPS,restaurant-order,Ethereum Sepolia,Controlled simulation,False,2,3,50.6,75.07,42.41,68.46,267.69,320.62,3912.26,3912.26,77171,16.593,0.00128053,74003474.0,94763.0,True,,0,0.0,False,False,False
EXEC-0189,2026-08-01 11:21:00,2026-08-01 11:21:00.054087,2026-08-01 11:21:00.161164,2026-08-01 11:21:03.693290,Restaurant Order,QR / GPS,restaurant-order,Ethereum Sepolia,Controlled simulation,False,2,2,54.09,73.06,34.02,51.38,336.75,354.82,3532.13,3532.13,67540,21.411,0.00144608,75735486.0,109520.0,True,,0,0.0,False,False,False
EXEC-0190,2026-08-01 11:21:45,2026-08-01 11:21:45.070787,2026-08-01 11:21:45.196294,2026-08-01 11:21:48.340105,Restaurant Order,QR / GPS,restaurant-order,Ethereum Sepolia,Controlled simulation,False,1,3,70.79,67.14,58.37,46.67,229.26,277.4,3143.81,3143.81,67375,18.856,0.00127042,74460919.0,94597.0,True,,0,0.0,False,False,False
EXEC-0191,2026-08-01 11:22:30,2026-08-01 11:22:30.059711,2026-08-01 11:22:30.190239,2026-08-01 11:22:34.063352,Restaurant Order,QR / GPS,restaurant-order,Ethereum Sepolia,Controlled simulation,False,2,2,59.71,82.72,47.81,51.03,446.56,364.18,3873.11,3873.11,58396,19.877,0.00116071,75116201.0,87188.0,True,,0,0.0,False,False,False
EXEC-0192,2026-08-01 11:23:15,2026-08-01 11:23:15.083158,2026-08-01 11:23:15.213523,2026-08-01 11:23:18.484567,Restaurant Order,QR / GPS,restaurant-order,Ethereum Sepolia,Controlled simulation,False,2,3,83.16,83.66,46.7,49.02,475.38,353.74,3271.04,3271.04,59628,12.33,0.00073523,73746743.0,54221.0,True,,0,0.0,False,False,False
EXEC-0193,2026-08-01 11:24:00,2026-08-01 11:24:00.082560,2026-08-01 11:24:00.169068,2026-08-01 11:24:03.931817,Restaurant Order,QR / GPS,restaurant-order,Ethereum Sepolia,Controlled simulation,False,3,3,82.56,36.34,50.17,32.68,534.35,359.98,3762.75,3762.75,64670,20.9,0.00135163,74734053.0,101013.0,True,,0,0.0,False,False,False
EXEC-0194,2026-08-01 11:24:45,2026-08-01 11:24:45.095329,2026-08-01 11:24:45.219889,2026-08-01 11:24:49.372738,Restaurant Order,QR / GPS,restaurant-order,Ethereum Sepolia,Controlled simulation,False,2,2,95.33,72.8,51.76,51.37,400.8,308.7,4152.85,4152.85,63637,16.384,0.0010426,75564855.0,78784.0,True,,0,0.0,False,False,False
EXEC-0195,2026-08-01 11:25:30,2026-08-01 11:25:30.077461,2026-08-01 11:25:30.172275,2026-08-01 11:25:33.680415,Restaurant Order,QR / GPS,restaurant-order,Ethereum Sepolia,Controlled simulation,False,2,3,77.46,47.89,46.92,54.74,576.17,357.24,3508.14,3508.14,68531,17.231,0.00118084,73265569.0,86515.0,True,,0,0.0,False,False,False
EXEC-0196,2026-08-01 11:26:15,2026-08-01 11:26:15.097527,2026-08-01 11:26:15.223985,2026-08-01 11:26:18.981705,Restaurant Order,QR / GPS,restaurant-order,Ethereum Sepolia,Controlled simulation,False,1,1,97.53,71.84,54.62,44.7,579.96,341.91,3757.72,3757.72,20565,20.886,0.00042952,71890238.0,30878.0,True,,0,0.0,False,False,False
EXEC-0197,2026-08-01 11:27:00,2026-08-01 11:27:00.069174,2026-08-01 11:27:00.168780,2026-08-01 11:27:03.499841,Restaurant Order,QR / GPS,restaurant-order,Ethereum Sepolia,Controlled simulation,False,1,1,69.17,54.56,45.04,64.52,394.63,372.0,3331.06,3331.06,20309,20.95,0.00042547,72996230.0,31058.0,True,,0,0.0,False,False,False
EXEC-0198,2026-08-01 11:27:45,2026-08-01 11:27:45.075435,2026-08-01 11:27:45.198238,2026-08-01 11:27:50.052940,Restaurant Order,QR / GPS,restaurant-order,Ethereum Sepolia,Controlled simulation,False,2,3,75.44,77.21,45.6,81.92,485.97,349.08,4854.7,4854.7,66482,23.219,0.00154363,73120581.0,112871.0,True,,0,0.0,False,False,False
EXEC-0199,2026-08-01 11:28:30,2026-08-01 11:28:30.066597,2026-08-01 11:28:30.193136,2026-08-01 11:28:34.573774,Restaurant Order,QR / GPS,restaurant-order,Ethereum Sepolia,Controlled simulation,False,2,3,66.6,67.69,58.85,73.38,478.29,320.77,4380.64,4380.64,68694,20.262,0.00139185,72619219.0,101075.0,True,,0,0.0,False,False,False
EXEC-0200,2026-08-01 11:29:15,2026-08-01 11:29:15.110128,2026-08-01 11:29:15.232393,2026-08-01 11:29:19.304827,Restaurant Order,QR / GPS,restaurant-order,Ethereum Sepolia,Controlled simulation,False,1,3,110.13,59.36,62.9,57.56,445.63,334.31,4072.43,4072.43,75069,22.514,0.00169009,74913570.0,126611.0,False,RPC Submission,2,1096.37,False,False,False
EXEC-0201,2026-08-01 11:30:00,2026-08-01 11:30:00.093966,2026-08-01 11:30:00.196727,2026-08-01 11:30:03.408575,Activity Entry,QR / RFID,activity-entry,Ethereum Sepolia,Controlled simulation,False,2,3,93.97,52.85,49.91,57.78,404.23,312.57,3211.85,3211.85,71087,18.456,0.00131197,74775142.0,98103.0,True,,0,0.0,False,False,False
EXEC-0202,2026-08-01 11:30:45,2026-08-01 11:30:45.061251,2026-08-01 11:30:45.187636,2026-08-01 11:30:48.211696,Activity Entry,QR / RFID,activity-entry,Ethereum Sepolia,Controlled simulation,False,2,2,61.25,77.45,48.94,73.48,367.25,288.47,3024.06,3024.06,70936,17.147,0.00121632,72888795.0,88656.0,True,,0,0.0,False,False,False
EXEC-0203,2026-08-01 11:31:30,2026-08-01 11:31:30.048691,2026-08-01 11:31:30.192328,2026-08-01 11:31:34.430813,Activity Entry,QR / RFID,activity-entry,Ethereum Sepolia,Controlled simulation,False,2,2,48.69,77.35,66.28,51.73,621.0,358.96,4238.48,4238.48,71273,20.752,0.00147903,74217521.0,109770.0,True,,0,0.0,False,False,False
EXEC-0204,2026-08-01 11:32:15,2026-08-01 11:32:15.110696,2026-08-01 11:32:15.225677,2026-08-01 11:32:18.271715,Activity Entry,QR / RFID,activity-entry,Ethereum Sepolia,Controlled simulation,False,1,1,110.7,49.92,65.07,32.06,412.15,356.49,3046.04,3046.04,21310,23.583,0.00050256,75871588.0,38130.0,True,,0,0.0,False,False,False
EXEC-0205,2026-08-01 11:33:00,2026-08-01 11:33:00.108365,2026-08-01 11:33:00.223441,2026-08-01 11:33:03.124837,Activity Entry,QR / RFID,activity-entry,Ethereum Sepolia,Controlled simulation,False,1,2,108.36,57.61,57.47,30.27,420.95,404.53,2901.4,2901.4,68383,18.868,0.00129023,74052488.0,95545.0,True,,0,0.0,False,False,False
EXEC-0206,2026-08-01 11:33:45,2026-08-01 11:33:45.088867,2026-08-01 11:33:45.219899,2026-08-01 11:33:47.571462,Activity Entry,QR / RFID,activity-entry,Ethereum Sepolia,Controlled simulation,False,1,1,88.87,53.68,77.35,67.73,547.6,313.6,2351.56,2351.56,19621,23.427,0.00045965,72551808.0,33349.0,True,,0,0.0,False,False,False
EXEC-0207,2026-08-01 11:34:30,2026-08-01 11:34:30.074386,2026-08-01 11:34:30.172292,2026-08-01 11:34:33.795444,Activity Entry,QR / RFID,activity-entry,Ethereum Sepolia,Controlled simulation,False,2,2,74.39,40.58,57.32,56.98,349.02,322.55,3623.15,3623.15,62719,20.712,0.00129903,74618614.0,96932.0,True,,0,0.0,False,False,False
EXEC-0208,2026-08-01 11:35:15,2026-08-01 11:35:15.093019,2026-08-01 11:35:15.212832,2026-08-01 11:35:19.205065,Activity Entry,QR / RFID,activity-entry,Ethereum Sepolia,Controlled simulation,False,1,1,93.02,59.67,60.14,63.38,362.21,306.78,3992.23,3992.23,19799,19.424,0.00038458,73596837.0,28304.0,True,,0,0.0,False,False,False
EXEC-0209,2026-08-01 11:36:00,2026-08-01 11:36:00.098467,2026-08-01 11:36:00.178669,2026-08-01 11:36:04.258117,Activity Entry,QR / RFID,activity-entry,Ethereum Sepolia,Controlled simulation,False,1,1,98.47,48.2,32.0,59.24,449.12,270.92,4079.45,4079.45,24021,23.132,0.00055565,70644059.0,39254.0,True,,0,0.0,False,False,False
EXEC-0210,2026-08-01 11:36:45,2026-08-01 11:36:45.046926,2026-08-01 11:36:45.134534,2026-08-01 11:36:48.019183,Activity Entry,QR / RFID,activity-entry,Ethereum Sepolia,Controlled simulation,False,1,3,46.93,47.86,39.74,42.06,505.37,383.8,2884.65,2884.65,65980,18.059,0.00119153,72915336.0,86881.0,True,,0,0.0,False,False,False
EXEC-0211,2026-08-01 11:37:30,2026-08-01 11:37:30.078571,2026-08-01 11:37:30.215390,2026-08-01 11:37:33.307004,Activity Entry,QR / RFID,activity-entry,Ethereum Sepolia,Controlled simulation,False,1,1,78.57,61.23,75.59,37.16,538.19,333.15,3091.61,3091.61,20027,23.182,0.00046427,73814506.0,34270.0,True,,0,0.0,False,False,False
EXEC-0212,2026-08-01 11:38:15,2026-08-01 11:38:15.096000,2026-08-01 11:38:15.203151,2026-08-01 11:38:19.032014,Activity Entry,QR / RFID,activity-entry,Ethereum Sepolia,Controlled simulation,False,1,1,96.0,53.25,53.9,37.23,464.75,421.97,3828.86,3828.86,19174,19.357,0.00037115,72425067.0,26880.0,True,,0,0.0,False,False,False
EXEC-0213,2026-08-01 11:39:00,2026-08-01 11:39:00.077092,2026-08-01 11:39:00.175474,2026-08-01 11:39:03.430992,Activity Entry,QR / RFID,activity-entry,Ethereum Sepolia,Controlled simulation,False,1,2,77.09,56.94,41.44,52.32,462.06,294.88,3255.52,3255.52,74997,21.786,0.00163392,73512935.0,120114.0,True,,0,0.0,False,False,False
EXEC-0214,2026-08-01 11:39:45,2026-08-01 11:39:45.065458,2026-08-01 11:39:45.172431,2026-08-01 11:39:48.818418,Activity Entry,QR / RFID,activity-entry,Ethereum Sepolia,Controlled simulation,False,2,2,65.46,63.4,43.58,56.03,435.06,370.74,3645.99,3645.99,78635,18.778,0.00147665,72306489.0,106771.0,True,,0,0.0,False,False,False
EXEC-0215,2026-08-01 11:40:30,2026-08-01 11:40:30.067570,2026-08-01 11:40:30.185354,2026-08-01 11:40:33.329808,Activity Entry,QR / RFID,activity-entry,Ethereum Sepolia,Controlled simulation,False,2,3,67.57,57.05,60.73,52.29,391.68,333.97,3144.45,3144.45,73363,16.91,0.0012406,72056407.0,89393.0,True,,0,0.0,False,False,False
EXEC-0216,2026-08-01 11:41:15,2026-08-01 11:41:15.091152,2026-08-01 11:41:15.224850,2026-08-01 11:41:18.750468,Activity Entry,QR / RFID,activity-entry,Ethereum Sepolia,Controlled simulation,False,2,3,91.15,67.58,66.12,52.03,514.74,278.39,3525.62,3525.62,62478,22.333,0.00139531,71806416.0,100192.0,True,,0,0.0,False,False,False
EXEC-0217,2026-08-01 11:42:00,2026-08-01 11:42:00.090857,2026-08-01 11:42:00.181233,2026-08-01 11:42:03.964287,Activity Entry,QR / RFID,activity-entry,Ethereum Sepolia,Controlled simulation,False,1,2,90.86,47.23,43.14,60.0,630.1,389.67,3783.05,3783.05,65917,15.74,0.00103756,72509047.0,75233.0,True,,0,0.0,False,False,False
EXEC-0218,2026-08-01 11:42:45,2026-08-01 11:42:45.100714,2026-08-01 11:42:45.176168,2026-08-01 11:42:48.848284,Activity Entry,QR / RFID,activity-entry,Ethereum Sepolia,Controlled simulation,False,1,1,100.71,27.29,48.17,66.97,486.6,317.91,3672.12,3672.12,20610,19.106,0.00039377,73534970.0,28956.0,True,,0,0.0,False,False,False
EXEC-0219,2026-08-01 11:43:30,2026-08-01 11:43:30.088137,2026-08-01 11:43:30.220059,2026-08-01 11:43:32.452358,Activity Entry,QR / RFID,activity-entry,Ethereum Sepolia,Controlled simulation,False,1,1,88.14,78.32,53.6,48.14,470.75,312.38,2232.3,2232.3,20623,16.006,0.00033008,74730290.0,24667.0,True,,0,0.0,False,False,False
EXEC-0220,2026-08-01 11:44:15,2026-08-01 11:44:15.069148,2026-08-01 11:44:15.199032,2026-08-01 11:44:18.813876,Activity Entry,QR / RFID,activity-entry,Ethereum Sepolia,Controlled simulation,False,2,2,69.15,61.57,68.31,55.78,403.62,371.31,3614.84,3614.84,70776,19.295,0.00136562,74004273.0,101062.0,True,,0,0.0,False,False,False
EXEC-0221,2026-08-01 11:45:00,2026-08-01 11:45:00.081056,2026-08-01 11:45:00.206336,2026-08-01 11:45:03.769502,Activity Entry,QR / RFID,activity-entry,Ethereum Sepolia,Controlled simulation,False,1,1,81.06,61.78,63.5,52.87,210.55,248.58,3563.17,3563.17,21254,24.6,0.00052285,74861510.0,39142.0,True,,0,0.0,False,False,False
EXEC-0222,2026-08-01 11:45:45,2026-08-01 11:45:45.085921,2026-08-01 11:45:45.209892,2026-08-01 11:45:48.425025,Activity Entry,QR / RFID,activity-entry,Ethereum Sepolia,Controlled simulation,False,2,2,85.92,54.85,69.12,61.08,484.69,419.01,3215.13,3215.13,70479,12.224,0.00086152,73489825.0,63313.0,True,,0,0.0,False,False,False
EXEC-0223,2026-08-01 11:46:30,2026-08-01 11:46:30.089078,2026-08-01 11:46:30.228606,2026-08-01 11:46:34.161353,Activity Entry,QR / RFID,activity-entry,Ethereum Sepolia,Controlled simulation,False,2,2,89.08,93.9,45.63,64.68,521.7,382.68,3932.75,3932.75,70549,19.265,0.00135913,71351001.0,96976.0,True,,0,0.0,False,False,False
EXEC-0224,2026-08-01 11:47:15,2026-08-01 11:47:15.090475,2026-08-01 11:47:15.186704,2026-08-01 11:47:17.831211,Activity Entry,QR / RFID,activity-entry,Ethereum Sepolia,Controlled simulation,False,1,3,90.47,46.71,49.52,45.89,596.46,278.85,2644.51,2644.51,67228,23.315,0.00156739,73717044.0,115544.0,True,,0,0.0,False,False,False
EXEC-0225,2026-08-01 11:48:00,2026-08-01 11:48:00.095553,2026-08-01 11:48:00.217948,2026-08-01 11:48:03.836094,Activity Entry,QR / RFID,activity-entry,Ethereum Sepolia,Controlled simulation,False,2,2,95.55,72.11,50.29,72.74,427.71,284.91,3618.15,3618.15,74826,21.582,0.00161492,74171205.0,119780.0,True,,0,0.0,False,False,False
EXEC-0226,2026-08-01 11:48:45,2026-08-01 11:48:45.051234,2026-08-01 11:48:45.149994,2026-08-01 11:48:48.757949,Activity Entry,QR / RFID,activity-entry,Ethereum Sepolia,Controlled simulation,False,2,2,51.23,66.14,32.62,58.09,426.26,324.88,3607.95,3607.95,64265,16.21,0.00104174,72002801.0,75008.0,True,,0,0.0,False,False,False
EXEC-0227,2026-08-01 11:49:30,2026-08-01 11:49:30.080631,2026-08-01 11:49:30.211530,2026-08-01 11:49:34.285856,Activity Entry,QR / RFID,activity-entry,Ethereum Sepolia,Controlled simulation,False,1,2,80.63,77.78,53.12,66.24,344.04,335.19,4074.33,4074.33,67664,20.304,0.00137382,74601657.0,102489.0,True,,0,0.0,False,False,False
EXEC-0228,2026-08-01 11:50:15,2026-08-01 11:50:15.123804,2026-08-01 11:50:15.223783,2026-08-01 11:50:18.098383,Activity Entry,QR / RFID,activity-entry,Ethereum Sepolia,Controlled simulation,False,2,3,123.8,60.03,39.95,71.82,456.38,386.41,2874.6,2874.6,62482,13.756,0.00085949,74300076.0,63860.0,True,,0,0.0,False,False,False
EXEC-0229,2026-08-01 11:51:00,2026-08-01 11:51:00.080385,2026-08-01 11:51:00.203078,2026-08-01 11:51:03.630593,Activity Entry,QR / RFID,activity-entry,Ethereum Sepolia,Controlled simulation,False,2,3,80.39,56.95,65.74,90.35,199.03,275.37,3427.52,3427.52,66732,21.696,0.00144779,72121269.0,104416.0,True,,0,0.0,False,False,False
EXEC-0230,2026-08-01 11:51:45,2026-08-01 11:51:45.072008,2026-08-01 11:51:45.167855,2026-08-01 11:51:48.528770,Activity Entry,QR / RFID,activity-entry,Ethereum Sepolia,Controlled simulation,False,2,2,72.01,42.72,53.13,46.93,321.71,323.31,3360.92,3360.92,59849,21.022,0.00125813,74944785.0,94290.0,True,,0,0.0,False,False,False
EXEC-0231,2026-08-01 11:52:30,2026-08-01 11:52:30.099374,2026-08-01 11:52:30.229404,2026-08-01 11:52:33.010909,Activity Entry,QR / RFID,activity-entry,Ethereum Sepolia,Controlled simulation,False,1,1,99.37,80.54,49.49,55.36,580.54,332.09,2781.51,2781.51,24188,16.806,0.0004065,73392011.0,29834.0,True,,0,0.0,False,False,False
EXEC-0232,2026-08-01 11:53:15,2026-08-01 11:53:15.089575,2026-08-01 11:53:15.223637,2026-08-01 11:53:18.685156,Activity Entry,QR / RFID,activity-entry,Ethereum Sepolia,Controlled simulation,False,2,1,89.57,75.59,58.47,50.99,238.38,263.19,3461.52,3461.52,70691,22.286,0.00157542,74905376.0,118008.0,True,,0,0.0,False,False,False
EXEC-0233,2026-08-01 11:54:00,2026-08-01 11:54:00.044173,2026-08-01 11:54:00.169472,2026-08-01 11:54:03.741050,Activity Entry,QR / RFID,activity-entry,Ethereum Sepolia,Controlled simulation,False,2,2,44.17,53.18,72.12,50.56,447.82,329.63,3571.58,3571.58,64215,19.218,0.00123405,73584533.0,90807.0,True,,0,0.0,False,False,False
EXEC-0234,2026-08-01 11:54:45,2026-08-01 11:54:45.103710,2026-08-01 11:54:45.222434,2026-08-01 11:54:47.831928,Activity Entry,QR / RFID,activity-entry,Ethereum Sepolia,Controlled simulation,False,2,3,103.71,75.07,43.66,55.47,338.99,468.99,2609.49,2609.49,60772,21.702,0.00131884,74470264.0,98215.0,True,,0,0.0,False,False,False
EXEC-0235,2026-08-01 11:55:30,2026-08-01 11:55:30.105926,2026-08-01 11:55:30.236020,2026-08-01 11:55:33.470870,Activity Entry,QR / RFID,activity-entry,Ethereum Sepolia,Controlled simulation,False,3,2,105.93,91.28,38.81,42.96,475.49,339.93,3234.85,3234.85,74640,19.091,0.00142494,74642567.0,106361.0,True,,0,0.0,False,False,False
EXEC-0236,2026-08-01 11:56:15,2026-08-01 11:56:15.085794,2026-08-01 11:56:15.207993,2026-08-01 11:56:18.339615,Activity Entry,QR / RFID,activity-entry,Ethereum Sepolia,Controlled simulation,False,1,2,85.79,71.35,50.85,50.02,463.94,267.53,3131.62,3131.62,67224,21.53,0.00144736,74107233.0,107260.0,True,,0,0.0,False,False,False
EXEC-0237,2026-08-01 11:57:00,2026-08-01 11:57:00.058362,2026-08-01 11:57:00.173306,2026-08-01 11:57:02.999230,Activity Entry,QR / RFID,activity-entry,Ethereum Sepolia,Controlled simulation,False,1,1,58.36,60.7,54.25,69.24,519.7,385.53,2825.92,2825.92,20065,22.444,0.00045034,72969668.0,32861.0,True,,0,0.0,False,False,False
EXEC-0238,2026-08-01 11:57:45,2026-08-01 11:57:45.094307,2026-08-01 11:57:45.213649,2026-08-01 11:57:47.953611,Activity Entry,QR / RFID,activity-entry,Ethereum Sepolia,Controlled simulation,False,1,1,94.31,58.13,61.21,34.56,545.05,232.68,2739.96,2739.96,24843,21.459,0.0005331,72983810.0,38907.0,True,,0,0.0,False,False,False
EXEC-0239,2026-08-01 11:58:30,2026-08-01 11:58:30.100297,2026-08-01 11:58:30.215990,2026-08-01 11:58:33.769311,Activity Entry,QR / RFID,activity-entry,Ethereum Sepolia,Controlled simulation,False,2,2,100.3,61.0,54.7,62.92,422.46,321.07,3553.32,3553.32,59424,19.284,0.00114593,73061281.0,83723.0,True,,0,0.0,False,False,False
EXEC-0240,2026-08-01 11:59:15,2026-08-01 11:59:15.068870,2026-08-01 11:59:15.165143,2026-08-01 11:59:18.287432,Activity Entry,QR / RFID,activity-entry,Ethereum Sepolia,Controlled simulation,False,2,2,68.87,57.14,39.14,46.72,177.28,295.35,3122.29,3122.29,71857,14.318,0.00102882,74146325.0,76283.0,True,,0,0.0,False,False,False
EXEC-0241,2026-08-01 12:00:00,2026-08-01 12:00:00.096131,2026-08-01 12:00:00.215115,2026-08-01 12:00:03.460090,Activity Entry,QR / RFID,activity-entry,Ethereum Sepolia,Controlled simulation,False,2,3,96.13,73.56,45.43,68.7,516.51,371.55,3244.98,3244.98,68062,21.652,0.0014737,71269633.0,105030.0,True,,0,0.0,False,False,False
EXEC-0242,2026-08-01 12:00:45,2026-08-01 12:00:45.049923,2026-08-01 12:00:45.156782,2026-08-01 12:00:48.083465,Activity Entry,QR / RFID,activity-entry,Ethereum Sepolia,Controlled simulation,False,1,1,49.92,68.31,38.55,39.87,392.02,382.29,2926.68,2926.68,19001,22.397,0.00042557,73762014.0,31391.0,True,,0,0.0,False,False,False
EXEC-0243,2026-08-01 12:01:30,2026-08-01 12:01:30.117751,2026-08-01 12:01:30.232376,2026-08-01 12:01:33.384926,Activity Entry,QR / RFID,activity-entry,Ethereum Sepolia,Controlled simulation,False,1,2,117.75,58.72,55.9,62.76,657.47,327.21,3152.55,3152.55,65245,16.224,0.00105855,71785241.0,75988.0,True,,0,0.0,False,False,False
EXEC-0244,2026-08-01 12:02:15,2026-08-01 12:02:15.061940,2026-08-01 12:02:15.186835,2026-08-01 12:02:17.906283,Activity Entry,QR / RFID,activity-entry,Ethereum Sepolia,Controlled simulation,False,1,3,61.94,60.4,64.49,59.59,392.53,338.68,2719.45,2719.45,69336,17.782,0.00123296,74576945.0,91950.0,True,,0,0.0,False,False,False
EXEC-0245,2026-08-01 12:03:00,2026-08-01 12:03:00.073141,2026-08-01 12:03:00.212931,2026-08-01 12:03:04.023574,Activity Entry,QR / RFID,activity-entry,Ethereum Sepolia,Controlled simulation,False,2,3,73.14,94.01,45.78,79.48,273.21,325.32,3810.64,3810.64,65412,23.254,0.0015211,73314503.0,111519.0,True,,0,0.0,False,False,False
EXEC-0246,2026-08-01 12:03:45,2026-08-01 12:03:45.039420,2026-08-01 12:03:45.161816,2026-08-01 12:03:48.067641,Activity Entry,QR / RFID,activity-entry,Ethereum Sepolia,Controlled simulation,False,2,2,39.42,80.8,41.59,47.06,377.92,262.29,2905.82,2905.82,75836,20.029,0.00151891,73389429.0,111472.0,True,,0,0.0,False,False,False
EXEC-0247,2026-08-01 12:04:30,2026-08-01 12:04:30.087732,2026-08-01 12:04:30.207458,2026-08-01 12:04:33.651276,Activity Entry,QR / RFID,activity-entry,Ethereum Sepolia,Controlled simulation,False,2,2,87.73,81.82,37.91,75.25,583.68,298.37,3443.82,3443.82,61221,23.236,0.00142255,76057456.0,108196.0,True,,0,0.0,False,False,False
EXEC-0248,2026-08-01 12:05:15,2026-08-01 12:05:15.082169,2026-08-01 12:05:15.220812,2026-08-01 12:05:18.400868,Activity Entry,QR / RFID,activity-entry,Ethereum Sepolia,Controlled simulation,False,1,1,82.17,67.45,71.19,60.62,321.42,336.04,3180.06,3180.06,19637,18.82,0.00036956,73706221.0,27239.0,True,,0,0.0,False,False,False
EXEC-0249,2026-08-01 12:06:00,2026-08-01 12:06:00.076984,2026-08-01 12:06:00.169274,2026-08-01 12:06:03.549750,Activity Entry,QR / RFID,activity-entry,Ethereum Sepolia,Controlled simulation,False,1,2,76.98,64.06,28.23,44.91,303.76,388.68,3380.48,3380.48,79280,13.396,0.00106206,74350662.0,78965.0,True,,0,0.0,False,False,False
EXEC-0250,2026-08-01 12:06:45,2026-08-01 12:06:45.071107,2026-08-01 12:06:45.183492,2026-08-01 12:06:48.420705,Activity Entry,QR / RFID,activity-entry,Ethereum Sepolia,Controlled simulation,False,1,3,71.11,60.11,52.27,56.92,357.21,323.96,3237.21,3237.21,71405,19.134,0.00136625,73666150.0,100646.0,False,Middleware/Oracle,1,1032.18,False,False,False
EXEC-0251,2026-08-01 12:07:30,2026-08-01 12:07:30.074009,2026-08-01 12:07:30.239608,2026-08-01 12:07:34.169489,Transport Service,GPS,transport,Ethereum Sepolia,Controlled simulation,False,2,3,74.01,85.21,80.39,45.73,270.22,352.16,3929.88,3929.88,66105,19.911,0.00131622,74906223.0,98593.0,True,,0,0.0,False,False,False
EXEC-0252,2026-08-01 12:08:15,2026-08-01 12:08:15.100866,2026-08-01 12:08:15.189992,2026-08-01 12:08:18.727050,Transport Service,GPS,transport,Ethereum Sepolia,Controlled simulation,False,1,2,100.87,36.53,52.59,61.44,404.92,394.3,3537.06,3537.06,77580,22.897,0.00177632,71705213.0,127371.0,True,,0,0.0,False,False,False
EXEC-0253,2026-08-01 12:09:00,2026-08-01 12:09:00.063110,2026-08-01 12:09:00.180753,2026-08-01 12:09:04.475597,Transport Service,GPS,transport,Ethereum Sepolia,Controlled simulation,False,1,1,63.11,68.3,49.34,66.81,513.42,387.91,4294.84,4294.84,19587,20.117,0.00039403,73333628.0,28895.0,True,,0,0.0,False,False,False
EXEC-0254,2026-08-01 12:09:45,2026-08-01 12:09:45.089117,2026-08-01 12:09:45.211916,2026-08-01 12:09:50.067463,Transport Service,GPS,transport,Ethereum Sepolia,Controlled simulation,False,2,3,89.12,55.52,67.28,34.9,410.62,345.38,4855.55,4855.55,72544,17.799,0.00129122,75018066.0,96865.0,True,,0,0.0,False,False,False
EXEC-0255,2026-08-01 12:10:30,2026-08-01 12:10:30.115286,2026-08-01 12:10:30.231176,2026-08-01 12:10:34.516138,Transport Service,GPS,transport,Ethereum Sepolia,Controlled simulation,False,1,3,115.29,71.23,44.66,38.57,330.71,267.08,4284.96,4284.96,75791,21.309,0.00161504,74556574.0,120412.0,True,,0,0.0,False,False,False
EXEC-0256,2026-08-01 12:11:15,2026-08-01 12:11:15.076127,2026-08-01 12:11:15.229774,2026-08-01 12:11:19.050602,Transport Service,GPS,transport,Ethereum Sepolia,Controlled simulation,False,1,3,76.13,82.73,70.91,59.86,573.92,224.0,3820.83,3820.83,66512,23.18,0.00154175,73272884.0,112968.0,True,,0,0.0,False,False,False
EXEC-0257,2026-08-01 12:12:00,2026-08-01 12:12:00.089000,2026-08-01 12:12:00.233791,2026-08-01 12:12:04.232502,Transport Service,GPS,transport,Ethereum Sepolia,Controlled simulation,False,2,3,89.0,78.18,66.62,57.24,319.19,397.83,3998.71,3998.71,71657,15.602,0.00111799,75264304.0,84145.0,True,,0,0.0,False,False,False
EXEC-0258,2026-08-01 12:12:45,2026-08-01 12:12:45.083468,2026-08-01 12:12:45.202747,2026-08-01 12:12:49.129014,Transport Service,GPS,transport,Ethereum Sepolia,Controlled simulation,False,2,3,83.47,74.02,45.25,52.5,421.17,347.21,3926.27,3926.27,66410,24.835,0.00164932,75119918.0,123897.0,True,,0,0.0,False,False,False
EXEC-0259,2026-08-01 12:13:30,2026-08-01 12:13:30.040177,2026-08-01 12:13:30.153636,2026-08-01 12:13:33.446383,Transport Service,GPS,transport,Ethereum Sepolia,Controlled simulation,False,2,1,40.18,67.48,45.98,56.21,475.38,356.91,3292.75,3292.75,63347,19.876,0.00125909,75025505.0,94464.0,True,,0,0.0,False,False,False
EXEC-0260,2026-08-01 12:14:15,2026-08-01 12:14:15.076274,2026-08-01 12:14:15.215268,2026-08-01 12:14:19.275873,Transport Service,GPS,transport,Ethereum Sepolia,Controlled simulation,False,2,2,76.27,79.71,59.29,39.48,407.6,352.25,4060.6,4060.6,63989,20.584,0.00131717,74364496.0,97951.0,True,,0,0.0,False,False,False
EXEC-0261,2026-08-01 12:15:00,2026-08-01 12:15:00.089833,2026-08-01 12:15:00.226853,2026-08-01 12:15:04.257108,Transport Service,GPS,transport,Ethereum Sepolia,Controlled simulation,False,2,2,89.83,80.97,56.05,50.57,150.0,343.95,4030.26,4030.26,70500,18.645,0.00131447,72270969.0,94998.0,True,,0,0.0,False,False,False
EXEC-0262,2026-08-01 12:15:45,2026-08-01 12:15:45.075645,2026-08-01 12:15:45.231957,2026-08-01 12:15:48.197064,Transport Service,GPS,transport,Ethereum Sepolia,Controlled simulation,False,1,1,75.64,87.74,68.57,68.89,190.34,350.05,2965.11,2965.11,24531,15.22,0.00037336,74463470.0,27802.0,True,,0,0.0,False,False,False
EXEC-0263,2026-08-01 12:16:30,2026-08-01 12:16:30.053349,2026-08-01 12:16:30.193351,2026-08-01 12:16:33.534539,Transport Service,GPS,transport,Ethereum Sepolia,Controlled simulation,False,2,3,53.35,83.23,56.77,58.62,441.98,302.11,3341.19,3341.19,63242,19.135,0.00121015,73079701.0,88438.0,True,,0,0.0,False,False,False
EXEC-0264,2026-08-01 12:17:15,2026-08-01 12:17:15.094781,2026-08-01 12:17:15.195637,2026-08-01 12:17:18.683467,Transport Service,GPS,transport,Ethereum Sepolia,Controlled simulation,False,2,3,94.78,50.53,50.33,47.14,494.12,385.8,3487.83,3487.83,62287,16.565,0.00103181,72740578.0,75054.0,True,,0,0.0,False,False,False
EXEC-0265,2026-08-01 12:18:00,2026-08-01 12:18:00.055853,2026-08-01 12:18:00.155763,2026-08-01 12:18:03.893816,Transport Service,GPS,transport,Ethereum Sepolia,Controlled simulation,False,1,1,55.85,55.11,44.8,56.95,188.7,310.95,3738.05,3738.05,19032,23.87,0.0004543,74079926.0,33654.0,True,,0,0.0,False,False,False
EXEC-0266,2026-08-01 12:18:45,2026-08-01 12:18:45.074990,2026-08-01 12:18:45.188252,2026-08-01 12:18:49.287433,Transport Service,GPS,transport,Ethereum Sepolia,Controlled simulation,False,1,1,74.99,39.82,73.44,46.08,245.34,300.31,4099.18,4099.18,20472,21.885,0.00044803,72425892.0,32449.0,True,,0,0.0,False,False,False
EXEC-0267,2026-08-01 12:19:30,2026-08-01 12:19:30.083388,2026-08-01 12:19:30.207679,2026-08-01 12:19:34.463842,Transport Service,GPS,transport,Ethereum Sepolia,Controlled simulation,False,2,3,83.39,70.43,53.86,44.45,307.89,240.12,4256.16,4256.16,74352,12.789,0.00095092,73195365.0,69603.0,True,,0,0.0,False,False,False
EXEC-0268,2026-08-01 12:20:15,2026-08-01 12:20:15.038586,2026-08-01 12:20:15.154321,2026-08-01 12:20:18.461081,Transport Service,GPS,transport,Ethereum Sepolia,Controlled simulation,False,4,2,38.59,66.98,48.75,48.81,327.55,268.67,3306.76,3306.76,69134,22.348,0.00154499,75800257.0,117111.0,True,,0,0.0,False,False,False
EXEC-0269,2026-08-01 12:21:00,2026-08-01 12:21:00.081699,2026-08-01 12:21:00.191241,2026-08-01 12:21:04.084881,Transport Service,GPS,transport,Ethereum Sepolia,Controlled simulation,False,1,3,81.7,61.81,47.73,58.33,509.18,361.63,3893.64,3893.64,61389,21.402,0.00131388,74932681.0,98452.0,True,,0,0.0,False,False,False
EXEC-0270,2026-08-01 12:21:45,2026-08-01 12:21:45.049537,2026-08-01 12:21:45.171194,2026-08-01 12:21:48.039514,Transport Service,GPS,transport,Ethereum Sepolia,Controlled simulation,False,2,2,49.54,50.5,71.16,53.34,475.54,295.41,2868.32,2868.32,68716,22.523,0.00154766,72450000.0,112128.0,True,,0,0.0,False,False,False
EXEC-0271,2026-08-01 12:22:30,2026-08-01 12:22:30.053061,2026-08-01 12:22:30.166546,2026-08-01 12:22:34.716226,Transport Service,GPS,transport,Ethereum Sepolia,Controlled simulation,False,2,2,53.06,75.41,38.07,43.05,282.91,336.55,4549.68,4549.68,65960,16.033,0.00105757,73754482.0,78000.0,True,,0,0.0,False,False,False
EXEC-0272,2026-08-01 12:23:15,2026-08-01 12:23:15.051686,2026-08-01 12:23:15.134612,2026-08-01 12:23:18.990636,Transport Service,GPS,transport,Ethereum Sepolia,Controlled simulation,False,2,2,51.69,36.37,46.56,70.46,366.31,269.12,3856.02,3856.02,65893,19.972,0.001316,74255733.0,97720.0,True,,0,0.0,False,False,False
EXEC-0273,2026-08-01 12:24:00,2026-08-01 12:24:00.090924,2026-08-01 12:24:00.169441,2026-08-01 12:24:03.713246,Transport Service,GPS,transport,Ethereum Sepolia,Controlled simulation,False,1,3,90.92,45.49,33.03,43.5,458.97,401.89,3543.8,3543.8,67279,17.581,0.00118284,72089415.0,85270.0,True,,0,0.0,False,False,False
EXEC-0274,2026-08-01 12:24:45,2026-08-01 12:24:45.120975,2026-08-01 12:24:45.223125,2026-08-01 12:24:48.744575,Transport Service,GPS,transport,Ethereum Sepolia,Controlled simulation,False,2,2,120.97,58.15,44.0,58.78,430.35,280.44,3521.45,3521.45,67908,16.021,0.00108796,73587489.0,80060.0,True,,0,0.0,False,False,False
EXEC-0275,2026-08-01 12:25:30,2026-08-01 12:25:30.087810,2026-08-01 12:25:30.191355,2026-08-01 12:25:34.609422,Transport Service,GPS,transport,Ethereum Sepolia,Controlled simulation,False,1,2,87.81,64.16,39.39,69.23,542.34,237.92,4418.07,4418.07,75473,16.619,0.0012543,72570814.0,91025.0,True,,0,0.0,False,False,False
EXEC-0276,2026-08-01 12:26:15,2026-08-01 12:26:15.105275,2026-08-01 12:26:15.251071,2026-08-01 12:26:19.388386,Transport Service,GPS,transport,Ethereum Sepolia,Controlled simulation,False,2,2,105.28,78.89,66.91,63.23,401.12,358.52,4137.31,4137.31,60072,21.423,0.00128692,72431295.0,93213.0,True,,0,0.0,False,False,False
EXEC-0277,2026-08-01 12:27:00,2026-08-01 12:27:00.063248,2026-08-01 12:27:00.199967,2026-08-01 12:27:03.632183,Transport Service,GPS,transport,Ethereum Sepolia,Controlled simulation,False,2,2,63.25,69.76,66.96,51.96,633.26,348.28,3432.22,3432.22,63822,21.301,0.00135948,74575712.0,101384.0,True,,0,0.0,False,False,False
EXEC-0278,2026-08-01 12:27:45,2026-08-01 12:27:45.115768,2026-08-01 12:27:45.234604,2026-08-01 12:27:48.510968,Transport Service,GPS,transport,Ethereum Sepolia,Controlled simulation,False,2,1,115.77,62.45,56.39,72.81,365.05,248.51,3276.36,3276.36,58571,15.312,0.00089686,73418926.0,65847.0,True,,0,0.0,False,False,False
EXEC-0279,2026-08-01 12:28:30,2026-08-01 12:28:30.073243,2026-08-01 12:28:30.179438,2026-08-01 12:28:33.934036,Transport Service,GPS,transport,Ethereum Sepolia,Controlled simulation,False,2,2,73.24,46.08,60.11,47.77,368.52,396.09,3754.6,3754.6,77818,20.054,0.0015606,72856838.0,113700.0,True,,0,0.0,False,False,False
EXEC-0280,2026-08-01 12:29:15,2026-08-01 12:29:15.089613,2026-08-01 12:29:15.184398,2026-08-01 12:29:19.706698,Transport Service,GPS,transport,Ethereum Sepolia,Controlled simulation,False,2,2,89.61,36.58,58.2,39.7,470.34,349.24,4522.3,4522.3,76016,19.086,0.00145087,72279214.0,104868.0,True,,0,0.0,False,False,False
EXEC-0281,2026-08-01 12:30:00,2026-08-01 12:30:00.081261,2026-08-01 12:30:00.212834,2026-08-01 12:30:04.306108,Transport Service,GPS,transport,Ethereum Sepolia,Controlled simulation,False,2,2,81.26,79.89,51.69,59.01,467.33,311.04,4093.27,4093.27,68332,20.133,0.00137571,76060661.0,104637.0,True,,0,0.0,False,False,False
EXEC-0282,2026-08-01 12:30:45,2026-08-01 12:30:45.051299,2026-08-01 12:30:45.183484,2026-08-01 12:30:49.577889,Transport Service,GPS,transport,Ethereum Sepolia,Controlled simulation,False,2,2,51.3,77.67,54.51,48.8,278.37,322.46,4394.4,4394.4,68023,20.504,0.00139472,74089388.0,103334.0,True,,0,0.0,False,False,False
EXEC-0283,2026-08-01 12:31:30,2026-08-01 12:31:30.065263,2026-08-01 12:31:30.200837,2026-08-01 12:31:33.649815,Transport Service,GPS,transport,Ethereum Sepolia,Controlled simulation,False,1,1,65.26,77.01,58.57,53.13,471.46,330.99,3448.98,3448.98,20634,18.915,0.00039029,74610885.0,29120.0,True,,0,0.0,False,False,False
EXEC-0284,2026-08-01 12:32:15,2026-08-01 12:32:15.058347,2026-08-01 12:32:15.159056,2026-08-01 12:32:18.815657,Transport Service,GPS,transport,Ethereum Sepolia,Controlled simulation,False,2,3,58.35,50.81,49.9,69.73,388.12,260.01,3656.6,3656.6,73274,20.146,0.00147619,71536694.0,105602.0,True,,0,0.0,False,False,False
EXEC-0285,2026-08-01 12:33:00,2026-08-01 12:33:00.060566,2026-08-01 12:33:00.172406,2026-08-01 12:33:05.690818,Transport Service,GPS,transport,Ethereum Sepolia,Controlled simulation,False,1,1,60.57,53.71,58.13,50.91,533.96,332.33,5518.41,5518.41,24687,20.107,0.00049638,72268502.0,35873.0,True,,0,0.0,False,False,False
EXEC-0286,2026-08-01 12:33:45,2026-08-01 12:33:45.082097,2026-08-01 12:33:45.188170,2026-08-01 12:33:48.701872,Transport Service,GPS,transport,Ethereum Sepolia,Controlled simulation,False,1,3,82.1,59.08,46.99,66.22,427.03,326.73,3513.7,3513.7,60202,13.746,0.00082755,72263380.0,59801.0,True,,0,0.0,False,False,False
EXEC-0287,2026-08-01 12:34:30,2026-08-01 12:34:30.076319,2026-08-01 12:34:30.181030,2026-08-01 12:34:34.196545,Transport Service,GPS,transport,Ethereum Sepolia,Controlled simulation,False,1,3,76.32,51.91,52.8,59.84,583.19,367.95,4015.52,4015.52,66364,16.201,0.00107519,75115471.0,80763.0,True,,0,0.0,False,False,False
EXEC-0288,2026-08-01 12:35:15,2026-08-01 12:35:15.054824,2026-08-01 12:35:15.204817,2026-08-01 12:35:18.392564,Transport Service,GPS,transport,Ethereum Sepolia,Controlled simulation,False,2,2,54.82,79.83,70.17,65.85,377.05,345.22,3187.75,3187.75,71298,21.538,0.0015356,71720931.0,110134.0,True,,0,0.0,False,False,False
EXEC-0289,2026-08-01 12:36:00,2026-08-01 12:36:00.040250,2026-08-01 12:36:00.114395,2026-08-01 12:36:04.403943,Transport Service,GPS,transport,Ethereum Sepolia,Controlled simulation,False,1,1,40.25,52.93,21.21,58.04,434.42,366.37,4289.55,4289.55,20079,23.942,0.00048074,72934997.0,35063.0,True,,0,0.0,False,False,False
EXEC-0290,2026-08-01 12:36:45,2026-08-01 12:36:45.103913,2026-08-01 12:36:45.194689,2026-08-01 12:36:48.551744,Transport Service,GPS,transport,Ethereum Sepolia,Controlled simulation,False,2,2,103.91,46.42,44.36,35.24,467.54,392.96,3357.06,3357.06,60968,17.751,0.00108222,74887454.0,81045.0,True,,0,0.0,False,False,False
EXEC-0291,2026-08-01 12:37:30,2026-08-01 12:37:30.095175,2026-08-01 12:37:30.225646,2026-08-01 12:37:34.595826,Transport Service,GPS,transport,Ethereum Sepolia,Controlled simulation,False,1,2,95.17,77.62,52.85,37.98,374.53,264.86,4370.18,4370.18,71664,18.299,0.00131135,75380283.0,98850.0,True,,0,0.0,False,False,False
EXEC-0292,2026-08-01 12:38:15,2026-08-01 12:38:15.095270,2026-08-01 12:38:15.205024,2026-08-01 12:38:18.877402,Transport Service,GPS,transport,Ethereum Sepolia,Controlled simulation,False,2,3,95.27,66.04,43.71,55.3,452.2,345.51,3672.38,3672.38,65851,23.556,0.00155118,72006369.0,111695.0,True,,0,0.0,False,False,False
EXEC-0293,2026-08-01 12:39:00,2026-08-01 12:39:00.092285,2026-08-01 12:39:00.228989,2026-08-01 12:39:04.056845,Transport Service,GPS,transport,Ethereum Sepolia,Controlled simulation,False,2,4,92.29,58.8,77.91,56.8,396.52,277.13,3827.86,3827.86,69728,18.367,0.00128066,74381199.0,95257.0,True,,0,0.0,False,False,False
EXEC-0294,2026-08-01 12:39:45,2026-08-01 12:39:45.059458,2026-08-01 12:39:45.209498,2026-08-01 12:39:49.251113,Transport Service,GPS,transport,Ethereum Sepolia,Controlled simulation,False,1,3,59.46,85.77,64.27,51.13,231.58,405.86,4041.62,4041.62,74223,13.329,0.00098928,73453970.0,72667.0,True,,0,0.0,False,False,False
EXEC-0295,2026-08-01 12:40:30,2026-08-01 12:40:30.081307,2026-08-01 12:40:30.201288,2026-08-01 12:40:33.260655,Transport Service,GPS,transport,Ethereum Sepolia,Controlled simulation,False,1,3,81.31,75.58,44.4,38.22,437.19,430.73,3059.37,3059.37,60905,19.819,0.00120707,74420837.0,89831.0,True,,0,0.0,False,False,False
EXEC-0296,2026-08-01 12:41:15,2026-08-01 12:41:15.051655,2026-08-01 12:41:15.138267,2026-08-01 12:41:18.817447,Transport Service,GPS,transport,Ethereum Sepolia,Controlled simulation,False,2,2,51.65,43.43,43.18,50.92,409.94,354.45,3679.18,3679.18,68523,14.537,0.00099609,73342012.0,73055.0,True,,0,0.0,False,False,False
EXEC-0297,2026-08-01 12:42:00,2026-08-01 12:42:00.082005,2026-08-01 12:42:00.218230,2026-08-01 12:42:03.963976,Transport Service,GPS,transport,Ethereum Sepolia,Controlled simulation,False,1,1,82.0,78.76,57.47,49.44,482.94,359.14,3745.75,3745.75,24841,16.741,0.00041586,73796155.0,30689.0,True,,0,0.0,False,False,False
EXEC-0298,2026-08-01 12:42:45,2026-08-01 12:42:45.092694,2026-08-01 12:42:45.224442,2026-08-01 12:42:50.061422,Transport Service,GPS,transport,Ethereum Sepolia,Controlled simulation,False,2,2,92.69,66.62,65.13,45.83,183.34,333.6,4836.98,4836.98,67916,19.459,0.0013216,73380221.0,96979.0,True,,0,0.0,False,False,False
EXEC-0299,2026-08-01 12:43:30,2026-08-01 12:43:30.107165,2026-08-01 12:43:30.190063,2026-08-01 12:43:34.235759,Transport Service,GPS,transport,Ethereum Sepolia,Controlled simulation,False,1,2,107.17,52.25,30.65,44.04,617.28,366.07,4045.7,4045.7,67925,19.299,0.0013109,74487809.0,97646.0,False,Blockchain Confirmation,1,1231.54,False,False,False
EXEC-0300,2026-08-01 12:44:15,2026-08-01 12:44:15.087507,2026-08-01 12:44:15.170862,2026-08-01 12:44:19.416862,Transport Service,GPS,transport,Ethereum Sepolia,Controlled simulation,False,2,2,87.51,47.67,35.69,56.73,392.91,326.46,4246.0,4246.0,73830,16.462,0.0012154,73925144.0,89849.0,False,Smart Contract Execution,2,1044.26,False,False,False
